company,region,hq,ai_product,round,amount_usd,date,lead_investors,founders,website,designer_hiring,designer_role_link,source,verification_notes
Together AI,US Series C+ / mega,San Francisco,Inference and training cloud for open models,Series C,800000000,~1-2 Jul 2026,Aramco Ventures,"Vipul Ved Prakash, Ce Zhang, Chris Ré, Percy Liang, Tri Dao [U]",together.ai [U],"no design roles: Greenhouse board, 77 jobs, none design",,https://theaiinsider.tech/2026/07/02/together-ai-raises-800m-at-8-3b-valuation-to-make-frontier-ai-accessible-to-all/,founders unverified; website unverified/not found; date approximate or unverified; amount as reported: $800M at $8.3B; Founders and website from researcher background knowledge
Higharc,US Series C+ / mega,"Durham, NC","AI platform for homebuilding design, estimating and sales",Series C,95000000,1 Jul 2026,Insight Partners,Marc Minor (CEO) [U]; others not found,higharc.com [U],"yes: UX Designer, Remote (NYC)",https://jobs.ashbyhq.com/higharc/928baed0-d7e1-4440-930e-ea189b1596c7,https://siliconangle.com/2026/07/01/homebuilding-ai-startup-higharc-bags-90m-series-c-funding/,founders unverified; website unverified/not found; amount as reported: $95M (SiliconANGLE: $90M); Amount differs between sources ($95M HousingWire vs $90M SiliconANGLE)
SambaNova,US Series C+ / mega,Palo Alto,AI chips and full-stack enterprise inference,Series F,1000000000,~wk to 10 Jul 2026,General Atlantic,"Rodrigo Liang, Kunle Olukotun, Chris Ré [U]",sambanova.ai [U],"no design roles: Greenhouse, 62 jobs, none design",,https://news.crunchbase.com/ai/biggest-funding-rounds-billion-dollar-cyber-ai-keyfactor-sambanova/,founders unverified; website unverified/not found; date approximate or unverified; amount as reported: $1B at $11B; Date = Crunchbase week only
Norm AI,US Series C+ / mega,New York,AI agents for regulatory compliance,Series C,120000000,~wk to 10 Jul 2026,Khosla Ventures,John Nay (CEO) [U],norm.ai [U],"adjacent design role only (not product/UX): Senior Brand Designer, NYC (no product/UX role)",https://jobs.ashbyhq.com/norm-ai/64216c3e-9d1a-46d3-b1ae-7b87333f2559,https://news.crunchbase.com/ai/biggest-funding-rounds-billion-dollar-cyber-ai-keyfactor-sambanova/,founders unverified; website unverified/not found; date approximate or unverified; amount as reported: $120M at $1.2B; Date = Crunchbase week only
Fireworks AI,US Series C+ / mega,"San Mateo, CA",Inference platform for enterprise generative AI,Series D,1505000000,~wk to 17 Jul 2026,"Atreides, Index, TCV",Lin Qiao (CEO) and ex-Meta PyTorch team [U],fireworks.ai [U],"yes: Product Designer, San Mateo",https://jobs.ashbyhq.com/fireworks/17a81efc-93db-457d-b92b-996722a0f64d,https://news.crunchbase.com/venture/biggest-funding-rounds-ai-defense-fintech-robotics/,founders unverified; website unverified/not found; date approximate or unverified; amount as reported: $1.505B at $17.5B; Date = Crunchbase week only
Chai Discovery,US Series C+ / mega,San Francisco [U],Foundation models for molecular and drug design,Series C,400000000,~wk to 17 Jul 2026,"Index, Sequoia, Dimension, Kleiner Perkins","Joshua Meier, Jack Dent, Matthew McPartlon, Jacques Boitreaud [U]",chaidiscovery.com [U],"adjacent design role only (not product/UX): Design Engineer, SF (no product designer role)",https://jobs.ashbyhq.com/chaidiscovery/bc51bebe-108a-4392-8b1d-91e460e6786c,https://news.crunchbase.com/venture/biggest-funding-rounds-ai-defense-fintech-robotics/,founders unverified; website unverified/not found; date approximate or unverified; HQ unverified; amount as reported: $400M at $3.8B; HQ inferred from ATS job locations
Spectro Cloud,US Series C+ / mega,San Jose,Kubernetes and AI infrastructure management (borderline AI),Series D,100000000,~wk to 17 Jul 2026,Goldman Sachs Alternatives,"Tenry Fu, Saad Malik, Gautam Joshi [U]",spectrocloud.com [U],not checked,,https://news.crunchbase.com/venture/biggest-funding-rounds-ai-defense-fintech-robotics/,founders unverified; website unverified/not found; date approximate or unverified; amount as reported: $100M+; Borderline AI fit
Atoms,US Series C+ / mega,Los Angeles,Physical AI startup,Growth / late-stage,1700000000,~wk to 24 Jul 2026,Andreessen Horowitz,Travis Kalanick (named by Crunchbase),not found,"no design roles: Greenhouse, 134 jobs; only architecture-type Building Design Manager",,https://news.crunchbase.com/venture/biggest-funding-rounds-physical-ai-fintech-defense-atoms/,website unverified/not found; date approximate or unverified; amount as reported: $1.7B; Round stage not stated
Etched,US Series C+ / mega,San Jose,Transformer-specific inference ASICs,Series C + unspecified,1000000000,~wk to 24 Jul and ~wk to 21 Aug 2026,Sequoia (C); Jane Street ($700M),"Gavin Uberti, Chris Zhu, Robert Wachen [U]",etched.com [U],"no design roles: Ashby, 109 jobs; only chip DFT/manufacturing design",,https://news.crunchbase.com/venture/biggest-funding-rounds-defense-tech-ai-infrastructure-castelion/,"founders unverified; website unverified/not found; date approximate or unverified; amount as reported: $1.0B total ($300M C + $700M); Two rounds: $300M at $10B pre, then $700M at $21B"
Candid Health,US Series C+ / mega,San Francisco,Healthcare revenue-cycle automation (borderline AI),Series D,120000000,~wk to 24 Jul 2026,Sixth Street Growth,not found,joincandidhealth.com [U],"yes: Senior Product Designer, SF",https://jobs.ashbyhq.com/candidhealth/1f6fd3be-7761-4031-a940-68cd5c3b0162,https://news.crunchbase.com/venture/biggest-funding-rounds-physical-ai-fintech-defense-atoms/,website unverified/not found; date approximate or unverified; amount as reported: $120M; Borderline AI fit
Safe Superintelligence (SSI),US Series C+ / mega,Palo Alto,Frontier AI research lab,Strategic,5000000000,~wk to 31 Jul 2026,Nvidia,"Ilya Sutskever, Daniel Levy, Daniel Gross (reportedly departed) [U]",ssi.inc [U],"no design roles: Ashby board, 0 jobs listed",,https://news.crunchbase.com/venture/biggest-funding-rounds-safe-superintelligence-commonwealth-fusion/,founders unverified; website unverified/not found; date approximate or unverified; amount as reported: $5B
Simile,US Series C+ / mega,Palo Alto,AI simulation of human behaviour,Not stated,200000000,~wk to 31 Jul 2026,Greenoaks,"Joon Sung Park, Michael Bernstein, Percy Liang [U]",not found,"yes: Product Designer, SF (also Brand Designer)",https://jobs.ashbyhq.com/simile/e3a653fd-2d8a-4bf5-ab9c-e630aa7f5eec,https://news.crunchbase.com/venture/biggest-funding-rounds-safe-superintelligence-commonwealth-fusion/,founders unverified; website unverified/not found; date approximate or unverified; amount as reported: $200M at $2B; Round stage not stated
Eliyan,US Series C+ / mega,Santa Clara,Chiplet interconnect for AI infrastructure,Series C,145000000,~wk to 31 Jul 2026,Seligman Ventures,"Ramin Farjadrad, Syrus Ziai, Patrick Soheili [U]",eliyan.com [U],"no design roles: Lever, 24 jobs; chip digital design only",,https://news.crunchbase.com/venture/biggest-funding-rounds-safe-superintelligence-commonwealth-fusion/,founders unverified; website unverified/not found; date approximate or unverified; amount as reported: $145M at $1B
Horizon3.ai,US Series C+ / mega,San Francisco,Autonomous AI penetration testing (NodeZero),Series E,250000000,3 Aug 2026,"NightDragon, NEA","Snehal Antani, Anthony Pillitiere [U]",horizon3.ai,"yes: Staff Product Designer, SF or NYC",https://jobs.ashbyhq.com/horizon3ai/71962aad-4e04-4d84-b374-2dd99491f238,https://techcrunch.com/2026/08/03/horizon3-hits-2-billion-valuation-with-250m-series-e-as-ai-threats-escalate/,founders unverified; amount as reported: $250M at $2B+; Website confirmed via press release on horizon3.ai
HappyRobot,US Series C+ / mega,San Francisco [U],AI agents for logistics and enterprise operations,Series C,150000000,~wk to 7 Aug 2026,"Prysm Capital, Eurazeo (Vestbee adds a16z)","Pablo Palafox, Javier Palafox, Luis Paarup [U]",happyrobot.ai [U],"adjacent design role only (not product/UX): Founding Design Engineer, SF",https://jobs.ashbyhq.com/happyrobot.ai/d8724b4b-a974-40aa-9982-8c5cd1de8282,https://news.crunchbase.com/venture/biggest-funding-rounds-billion-dollar-raises-manufacturing-energy-ai/,"founders unverified; website unverified/not found; date approximate or unverified; HQ unverified; amount as reported: $150M; Dedup: in US C+ and Europe notes; Spanish-founded, SF HQ per Vestbee"
Databricks,US Series C+ / mega,San Francisco,"Data and AI platform (lakehouse, agents)",Growth,5000000000,~wk to 14 Aug 2026,Coatue,"Ali Ghodsi, Matei Zaharia, Ion Stoica, Reynold Xin, Patrick Wendell, Andy Konwinski, Arsalan Tavakoli-Shiraji [U]",databricks.com,yes: Staff PD Agentic Coding (MV/SF/Seattle); Sr PD AI/BI; Staff PD AI Products (NYC),https://databricks.com/company/careers/open-positions/job?gh_jid=8854693002 | https://databricks.com/company/careers/open-positions/job?gh_jid=8429978002 | https://databricks.com/company/careers/open-positions/job?gh_jid=8584704002,https://news.crunchbase.com/ai/biggest-funding-rounds-databricks-river-ai-data-energy/,founders unverified; date approximate or unverified; amount as reported: $5B at $190B; Website confirmed via careers links
CodeRabbit,US Series C+ / mega,"Walnut Creek, CA",AI code review,Series C,143000000,~wk to 14 Aug 2026,"Atomico, Smash Capital","Harjot Gill, Gur Singh [U]",coderabbit.ai [U],"yes: Senior Product Designer + Product Designer, SF (also Design Engineer, Visual Designer)",https://jobs.ashbyhq.com/coderabbit/9f09f276-c457-435d-90e5-6ff01053ce49 | https://jobs.ashbyhq.com/coderabbit/39d64d3d-8917-4ae1-bc10-3184473ba8db,https://news.crunchbase.com/ai/biggest-funding-rounds-databricks-river-ai-data-energy/,founders unverified; website unverified/not found; date approximate or unverified; amount as reported: $143M
Groq,US Series C+ / mega,San Francisco,AI inference cloud and data centers,Not stated,350000000,~wk to 21 Aug 2026,"Disruptive, Nvidia",Jonathan Ross [U],groq.com [U],not checked,,https://news.crunchbase.com/venture/biggest-funding-rounds-defense-tech-ai-infrastructure-castelion/,founders unverified; website unverified/not found; date approximate or unverified; amount as reported: $350M at $3.5B; $3.5B valuation anomalous vs past reports; not reconciled
Rillet,US Series C+ / mega,San Francisco,AI-native ERP and accounting,Series C,100000000,~wk to 21 Aug 2026,Iconiq,Nicolas Kopp (CEO) [U],rillet.com [U],"yes: Product Designer, SF (also Design Engineer)",https://jobs.ashbyhq.com/rillet/a157ef05-3218-4b42-ae79-a3d6d95c4bde,https://news.crunchbase.com/venture/biggest-funding-rounds-defense-tech-ai-infrastructure-castelion/,founders unverified; website unverified/not found; date approximate or unverified; amount as reported: $100M at $1B
Owner.com,US Series C+ / mega,San Francisco,AI tools for restaurants and small businesses,Growth,240000000,~wk to 28 Aug 2026,Goldman Sachs Growth Equity,Adam Guild (CEO) [U],owner.com [U],"yes: Staff + Senior Product Designer, Remote US/Canada",https://jobs.ashbyhq.com/owner/14876095-0e3c-485b-871a-bc8d0e316e9a | https://jobs.ashbyhq.com/owner/0ab7a1e4-0164-499e-9b2f-b10d8b2fae41,https://news.crunchbase.com/venture/biggest-funding-rounds-ai-tools-assistants-instinct/,founders unverified; website unverified/not found; date approximate or unverified; amount as reported: $240M at $2.3B
Gatik,US Series C+ / mega,Santa Clara,Autonomous middle-mile trucking,Series D,200000000,~wk to 28 Aug 2026,"QIA, Koch Disruptive Technologies","Gautam Narang, Arjun Narang, Apeksha Kumavat [U]",gatik.ai [U],not checked,,https://news.crunchbase.com/venture/biggest-funding-rounds-ai-tools-assistants-instinct/,founders unverified; website unverified/not found; date approximate or unverified; amount as reported: $200M
Socure,US Series C+ / mega,"Incline Village, NV",AI identity verification and fraud prevention,Growth,156000000,~wk to 28 Aug 2026,Summit Partners,"Johnny Ayers, Sunil Madhu [U]",socure.com [U],"yes: Senior Product UX/UI Designer, SF hub",https://jobs.ashbyhq.com/socure/8f5ee406-e220-4b51-a455-b8fb4e01fd1a,https://news.crunchbase.com/venture/biggest-funding-rounds-ai-tools-assistants-instinct/,founders unverified; website unverified/not found; date approximate or unverified; amount as reported: $156M at $5.2B
Crusoe,US Series C+ / mega,Denver,AI data centers and AI cloud,Series F,3000000000,~wk to 4 Sep 2026,"Atreides, Valor","Chase Lochmiller, Cully Cavness [U]",crusoe.ai [U],"no design roles: Ashby, 349 jobs; data-center design only",,https://news.crunchbase.com/venture/biggest-funding-rounds-crusoe-fluidstack-multibillion-dollar-ai-infrastructure/,founders unverified; website unverified/not found; date approximate or unverified; amount as reported: $3B at $30B
Fluidstack,US Series C+ / mega,New York,GPU cloud and AI data centers,Private equity,1500000000,~wk to 4 Sep 2026,Jane Street,"César Maklary, Gary Wu [U]",fluidstack.io [U],"no design roles: Ashby, 242 jobs; civil/data-center design only",,https://news.crunchbase.com/venture/biggest-funding-rounds-crusoe-fluidstack-multibillion-dollar-ai-infrastructure/,founders unverified; website unverified/not found; date approximate or unverified; amount as reported: $1.5B at $18B; UK origins
Lyte AI,US Series C+ / mega,Sunnyvale,Custom silicon and AI software for robotics,Series C,165000000,~wk to 4 Sep 2026,Maverick Silicon,not found,not found,not checked,,https://news.crunchbase.com/venture/biggest-funding-rounds-crusoe-fluidstack-multibillion-dollar-ai-infrastructure/,website unverified/not found; date approximate or unverified; amount as reported: $165M at $1.6B
Cognition,US Series C+ / mega,San Francisco,Devin autonomous AI software engineer; Windsurf,Series E,2000000000,~wk to 11 Sep 2026,"Accel, a16z, Avenir, Founders Fund, General Catalyst","Scott Wu, Steven Hao, Walden Yan [U]",cognition.ai [U],"no design roles: Ashby, 103 jobs, none design",,https://news.crunchbase.com/venture/biggest-funding-rounds-boring-co-cognition-massive-week/,founders unverified; website unverified/not found; date approximate or unverified; amount as reported: $2B at $48B
Motive,US Series C+ / mega,San Francisco,AI platform for fleets and physical operations,Private equity,1300000000,~wk to 11 Sep 2026,General Catalyst,"Shoaib Makani, Obaid Khan, Ryan Johns [U]",gomotive.com [U],"yes: Director, Product Design (Hybrid SF); Sr. Manager, Product Design (Bangalore)",https://job-boards.greenhouse.io/gomotive/jobs/8770221002 | https://job-boards.greenhouse.io/gomotive/jobs/8512374002,https://news.crunchbase.com/venture/biggest-funding-rounds-boring-co-cognition-massive-week/,founders unverified; website unverified/not found; date approximate or unverified; amount as reported: $1.3B; Also Brand Design Lead (SF)
Harvey,US Series C+ / mega,San Francisco,Generative AI for legal and professional services,Series H,550000000,~wk to 11 Sep 2026,"Diffusion, Lightspeed","Winston Weinberg, Gabe Pereyra [U]",harvey.ai [U],"yes: Staff Product Designer, SF and NY (also Design Systems, Sr. Manager PD)",https://jobs.ashbyhq.com/harvey/24616c39-e293-4bcc-a3dd-e6f33a71c8ee | https://jobs.ashbyhq.com/harvey/d527a336-24e3-46ef-8d05-1da557c7bff4,https://news.crunchbase.com/venture/biggest-funding-rounds-boring-co-cognition-massive-week/,founders unverified; website unverified/not found; date approximate or unverified; amount as reported: $550M at $15.5B
Positron,US Series C+ / mega,"Reno, NV",AI inference hardware,Series C,500000000,~wk to 11 Sep 2026,"James Clark, NEA","Thomas Sohmers, Edward Kmett [U]",positron.ai [U],not checked,,https://news.crunchbase.com/venture/biggest-funding-rounds-boring-co-cognition-massive-week/,founders unverified; website unverified/not found; date approximate or unverified; amount as reported: $500M at $5B
Celero Communications,US Series C+ / mega,"Laguna Beach, CA",AI networking and data-transfer silicon,Series C,275000000,~wk to 11 Sep 2026,"Atreides, CapitalG, Valor",not found,not found,not checked,,https://news.crunchbase.com/venture/biggest-funding-rounds-boring-co-cognition-massive-week/,website unverified/not found; date approximate or unverified; amount as reported: $275M at $3B
Temporal Technologies,US Series C+ / mega,"Bellevue, WA",Durable execution for long-running AI agents (AI-adjacent),Series E,550000000,~wk to 18 Sep 2026,"Lightspeed, Wellington, Goldman Sachs Alternatives, Tiger Global","Samar Abbas, Maxim Fateev [U]",temporal.io [U],"no design roles: Ashby, 64 jobs, none design",,https://news.crunchbase.com/venture/biggest-funding-rounds-ai-space-fintech-temporal/,founders unverified; website unverified/not found; date approximate or unverified; amount as reported: $550M at $12.55B
Ridgeline,US Series C+ / mega,"Incline Village, NV",AI-enabled investment management platform (borderline AI),Series E,250000000,~wk to 18 Sep 2026,Dave Duffield,Dave Duffield (named by Crunchbase),ridgelineapps.com [U],"no design roles: Greenhouse, 30 jobs, none design (board ownership unconfirmed)",,https://news.crunchbase.com/venture/biggest-funding-rounds-ai-space-fintech-temporal/,website unverified/not found; date approximate or unverified; amount as reported: $250M at $1.45B
Cornelis Networks,US Series C+ / mega,"Wayne, PA",Networking for AI and HPC,Not stated,205000000,~wk to 18 Sep 2026,IAG Capital Partners,not found (Intel Omni-Path spinout),cornelisnetworks.com [U],not checked,,https://news.crunchbase.com/venture/biggest-funding-rounds-ai-space-fintech-temporal/,website unverified/not found; date approximate or unverified; amount as reported: $205M
Factory,US Series C+ / mega,San Francisco,"AI ""Droids"" for enterprise software development",Not stated,200000000,~wk to 18 Sep 2026,Not stated,"Matan Grinberg, Eno Reyes [U]",factory.ai [U],"yes: Product Designer, SF (also Web/Graphic Designer)",https://jobs.ashbyhq.com/factory/7a1dde6b-0d7c-45c8-a374-66e9f8aa0d1a,https://news.crunchbase.com/venture/biggest-funding-rounds-ai-space-fintech-temporal/,founders unverified; website unverified/not found; date approximate or unverified; amount as reported: $200M at $5B
Profound,US Series C+ / mega,New York,Brand visibility in AI search (AEO),Series D,180000000,15 Sep 2026,"Sequoia, Kleiner Perkins","James Cadwallader, Dylan Babbs [U]",tryprofound.com [U],"yes: MTS, Product Design, NYC (also Design Engineer, Brand)",https://jobs.ashbyhq.com/profound/02707973-c9c1-4b36-8974-0334ebb35f15,https://techcrunch.com/2026/09/15/aeo-startup-profound-hits-unicorn-valuation-raises-180m-series-d-7-months-after-last-round/,founders unverified; website unverified/not found; amount as reported: $180M at $1.8B; Different company from Profound (India)
Snorkel AI,US Series C+ / mega,San Francisco,Training data and evaluation environments for AI,Series E,350000000,~wk to 25 Sep 2026,"Insight Partners, S32","Alex Ratner, Chris Ré, Braden Hancock, Henry Ehrenberg, Paroma Varma [U]",snorkel.ai [U],"no design roles: Greenhouse, 39 jobs, none design",,https://news.crunchbase.com/venture/biggest-funding-rounds-cybersecurity-ai-health-island-cyera/,founders unverified; website unverified/not found; date approximate or unverified; amount as reported: $350M at $3.2B
Enveda,US Series C+ / mega,"Boulder, CO",AI-enabled drug discovery from natural products,Series E,311000000,~wk to 25 Sep 2026,Catalio Capital,Viswa Colluru [U],enveda.com [U],"no design roles: Lever, 9 jobs, none design",,https://news.crunchbase.com/venture/biggest-funding-rounds-cybersecurity-ai-health-island-cyera/,founders unverified; website unverified/not found; date approximate or unverified; amount as reported: $311M
Cyera,US Series C+ / mega,New York,AI-native data security for people and AI agents,Series G extension,400000000,~wk to 25 Sep 2026,"Evolution Equity, Goldman Sachs Growth Equity","Yotam Segev, Tamar Bar-Ilan [U]",cyera.com [U],not checked,,https://news.crunchbase.com/venture/biggest-funding-rounds-cybersecurity-ai-health-island-cyera/,founders unverified; website unverified/not found; date approximate or unverified; amount as reported: $400M
Island,US Series C+ / mega,Dallas,Enterprise browser marketed as an AI platform (borderline AI),Series F,400000000,~wk to 25 Sep 2026,Evolution Equity,"Mike Fey, Dan Amiga [U]",island.io,"no design roles: Greenhouse, only 7 jobs (board may be partial)",,https://www.island.io/press/island-announces-400-million-series-f-bringing-valuation-to-6-4-billion,founders unverified; date approximate or unverified; amount as reported: $400M at $6.4B; Website confirmed via press release
Numeral,US Series C+ / mega,San Francisco,AI sales-tax compliance,Series C,100000000,~wk to 25 Sep 2026,Insight Partners,not found,numeral.com [U],"yes: Product Designer, New York",https://jobs.ashbyhq.com/numeral/0b074994-7187-4bf4-9b25-ca1913aa416b,https://news.crunchbase.com/venture/biggest-funding-rounds-cybersecurity-ai-health-island-cyera/,website unverified/not found; date approximate or unverified; amount as reported: $100M
Micro1,US Series C+ / mega,San Francisco,AI training data and expert talent for AI labs,Undisclosed,100000000,~wk to 25 Sep 2026,Not disclosed,Ali Ansari (CEO) [U],micro1.ai [U],not checked,,https://news.crunchbase.com/venture/biggest-funding-rounds-cybersecurity-ai-health-island-cyera/,founders unverified; website unverified/not found; date approximate or unverified; amount as reported: $100M+ at $4B
SiMa.ai,US Series C+ / mega,San Jose [U],Edge/physical AI chips and agentic software,Series C,150000000,28 Sep 2026,"Fidelity, Amplify",Krishna Rangasayee (CEO) [U],sima.ai [U],not checked,,https://theaiinsider.tech/2026/09/28/sima-ai-raises-150m-in-series-c-funding-at-1-45b-valuation-to-expand-physical-ai-platform/,founders unverified; website unverified/not found; HQ unverified; amount as reported: $150M at $1.45B
EliseAI,US Series C+ / mega,New York,Vertical AI agents for housing and healthcare operations,Series F,350000000,29 Sep 2026,"a16z, Bessemer","Minna Song, Tony Stoyanov [U]",eliseai.com [U],"adjacent design role only (not product/UX): Brand Designer, NYC (no product/UX role)",https://jobs.ashbyhq.com/eliseai/ceae21c5-b8b8-45c9-b963-cb21d13e02af,https://www.globenewswire.com/news-release/2026/09/29/3370681/0/en/eliseai-raises-350-million-at-4-billion-valuation-to-bring-ai-deeper-into-housing-and-healthcare-operations.html,founders unverified; website unverified/not found; amount as reported: $350M at $4B
Venice,US Series A-B,"Sheridan, WY","Private, uncensored access to AI models",Series A,65000000,~1-2 Jul 2026,Dragonfly,Erik Voorhees,venice.ai,"no design roles: Greenhouse board, 0 postings",,https://www.theblock.co/post/406934/venice-ai-funding-equity-valuation-dragonfly,date approximate or unverified; amount as reported: $65M at $1B
TwelveLabs,US Series A-B,San Francisco (+ Seoul),Video-understanding foundation models,Series B,100000000,1 Jul 2026,"NEA, NAVER Ventures",Jae Lee (CEO) [U],twelvelabs.io,"no design roles: Ashby, 15 jobs, none design",,https://www.advanced-television.com/2026/07/01/twelvelabs-raises-100m-in-series-b-funding/,founders unverified; amount as reported: $100M
Prime Intellect,US Series A-B,San Francisco (TechStartups: New York),Platform to train and deploy custom AI agents,Series A,130000000,8 Jul 2026,Radical Ventures,Vincent Weisser (CEO),primeintellect.ai,"no design roles: Ashby, 30 jobs, none design",,https://techcrunch.com/2026/07/08/prime-intellect-raises-130m-series-a-to-help-enterprises-build-their-own-ai-agents/,amount as reported: $130M at $1B; HQ conflict between sources
Lyzr,US Series A-B,"Jersey City, NJ (TNW: Bengaluru)",Enterprise AI-agent infrastructure,Series B,100000000,9 Jul 2026,Not disclosed,"Siva Surendira, Anirudh Narayan",lyzr.ai,not checked: Teamtailor board not parseable,,https://techcrunch.com/2026/07/09/an-ai-agent-startup-just-let-its-agent-run-its-100-million-fundraise/,"amount as reported: $100M at ~$500M; Dedup: HQ Jersey City per TechCrunch, Bengaluru per The Next Web"
TerraFirma,US Series A-B,"Austin, TX",AI-assisted semi-autonomous construction-equipment retrofits,Series A,100000000,14 Jul 2026,Kleiner Perkins,"Noah Schochet, Noah McGuinness",not found,not checked,,https://www.businesswire.com/news/home/20260714397606/en/TerraFirma-Raises-$115M-to-Accelerate-Construction-on-Earth-and-Beyond,website unverified/not found; amount as reported: $100M (of $115M total); Crunchbase lists $100M unspecified
State Affairs,US Series A-B,"Washington, DC [U]",AI policy and regulatory intelligence platform,Series A,70000000,~14 Jul 2026,"Khosla Ventures, Founders Fund",Evan Burns (CEO),stateaffairs.com,"no design roles: Greenhouse, 8 jobs, none design",,https://www.prnewswire.com/news-releases/state-affairs-raises-70-million-to-help-institutions-navigate-the-policy-and-regulatory-economy-302824501.html,date approximate or unverified; HQ unverified; amount as reported: $70M; HQ from job-board location
Bunkerhill Health,US Series A-B,San Francisco,Agentic AI platform for health systems,Series B,25000000,16 Jul 2026,Khosla Ventures,"Nishith Khandwala, David Eng",bunkerhillhealth.com,"no design roles: Ashby, 5 jobs, none design",,https://hitconsultant.net/2026/07/16/bunkerhill-health-closes-series-b-agentic-ai-carebricks/,amount as reported: $25M; Headlines say $55M (total raised)
Natural,US Series A-B,not disclosed,Payments infrastructure for AI agents,Series A,30000000,20 Jul 2026,Forerunner Ventures,"Kahlil Lalji, Eric Wang, Walt Leung",natural.com,not checked: Ashby slug ownership unconfirmed,,https://techcrunch.com/2026/07/20/natural-raises-30m-to-reinvent-payments-for-ai-agents-and-take-on-stripe/,amount as reported: $30M
Empirical Security,US Series A-B,Chicago,ML models predicting which vulnerabilities get exploited,Series A,25000000,20-21 Jul 2026,Brightmind Partners,"Ed Bellis, Michael Roytman, Jay Jacobs",empiricalsecurity.com,"no design roles: Ashby, 7 jobs, none design",,https://www.axios.com/pro/enterprise-software-deals/2026/07/20/cybersecurity-empirical-security-ai-25-million,amount as reported: $25M
Neo Security,US Series A-B,Boston (US-Israeli),Inventory and policy control for AI agents on endpoints,Series A,75000000,20 Jul 2026,"Andreessen Horowitz, Bessemer","Nick Warner, Shlomi Salem, Eran Shirazi",neo.security,not checked: No ATS embed on careers page,,https://www.securityweek.com/neo-emerges-from-stealth-with-100m-to-control-and-secure-enterprise-ai-software/,amount as reported: $75M (+$25M seed = $100M); Dedup: Crunchbase listed $100M growth (US C+ note)
Meshy,US Series A-B,San Jose / Silicon Valley (large China teams),Generative-AI 3D model creation,Series B,400000000,20 Jul 2026,"IDG Capital, Matrix Partners China, Monolith",Ethan Hu (CEO),meshy.ai,yes: Senior UI/UX Designer (location not captured),https://jobs.ashbyhq.com/meshy/9a58b214-b4fe-47ec-a0a6-cb1d0afc51c1,https://3dprintingindustry.com/news/meshy-raises-nearly-400m-at-1-5b-valuation-in-largest-ai-3d-round-to-date-253294/,amount as reported: ~$400M at $1.5B; HQ flagged (China teams)
Glow,US Series A-B,Palo Alto (R&D Tel Aviv),AI-native endpoint security,Series A,180000000,22 Jul 2026,"Sequoia, Cyberstarts, Greenoaks, Redpoint","Roi Tiger, Omer Singer, Ophir Arie",glow.io,"no design roles: Ashby, 16 jobs, none design",,https://www.globenewswire.com/news-release/2026/07/22/3331154/0/en/glow-emerges-from-stealth-with-180-million-to-reinvent-endpoint-security-in-the-ai-era.html,amount as reported: $180M at $1.2B (Crunchbase: $100M); Dedup: Crunchbase called it $100M growth; press release says $180M Series A
AegisAI,US Series A-B,San Francisco,LLMs and agents that stop AI spear-phishing,Series A,36000000,23 Jul 2026,Battery Ventures,"Cy Khormaee, Ryan Luo",aegisai.ai,"adjacent design role only (not product/UX): Visual Designer (AI-Native, Enterprise Focus)",https://jobs.ashbyhq.com/aegis-ai/726f20fd-7a70-421c-93b2-87b6f54a688c,https://techcrunch.com/2026/07/23/aegisai-founded-by-former-google-security-execs-lands-36m-to-stop-ai-driven-spear-phishing/,amount as reported: $36M
Paper,US Series A-B,San Francisco,AI-native design canvas for designers and agents,Series A,34000000,23 Jul 2026,"Accel, ICONIQ",Stephen Haney,paper.design,not checked: /careers returned 404,,https://paper.design/blog/series-a,amount as reported: $34M
Convex,US Series A-B,San Francisco,Reactive backend for AI-generated apps and agents,Series B,57000000,~4 Aug 2026,Insight Partners,"Jamie Turner, James Cowling [U]",convex.dev,adjacent design role only (not product/UX): Creative Director / Head of Design (design leadership),https://jobs.ashbyhq.com/convex-dev/cbeb022f-7277-4fdc-8a97-0359ba347b81,https://news.convex.dev/convex-raises-57m/,founders unverified; date approximate or unverified; amount as reported: $57M
Sapiom,US Series A-B,San Francisco,Cost/latency layer between AI agents and models,Series A,35000000,~5 Aug 2026,Dragonfly,Ilan Zerbib,sapiom.ai,"no design roles: Ashby, 4 jobs, none design",,https://dealroom.co/news/143573-sapiom-raises-35m-series-a-to-cut-the-cost-of-running-ai-agents/,date approximate or unverified; amount as reported: $35M
Naïve,US Series A-B,not stated,Infrastructure for AI agents to form and run companies,Series A,28500000,6 Aug 2026,Nexus Venture Partners,Sean Dorje (CEO),usenaive.ai,not checked,,https://techcrunch.com/2026/08/06/naive-raises-28-5m-to-automate-the-grunt-work-of-setting-up-and-running-a-company/,amount as reported: $28.5M
River AI,US Series A-B,Palo Alto,RL/LoRA fine-tuning API for personalised open-weight models,Seed / Series A (ambiguous),1100000000,11 Aug 2026,"General Catalyst, AMP PBC",Igor Babuschkin,river.ai,not checked,,https://techcrunch.com/2026/08/11/general-catalyst-leads-1-1b-round-into-2-month-old-river-ai/,amount as reported: $1.1B; Dedup: in US A-B and US seed notes; stage ambiguous
Axle,US Series A-B,New York [U],AI-native insurance clearinghouse,Series A,17500000,~13 Aug 2026,Base10 Partners,"Cameron Duncan, Armaan Sikand, Nihar Parikh",axle.insure,not checked: Greenhouse 'axle' slug is a different company,,https://fintech.global/2026/08/13/axle-raises-17-5m-to-make-insurance-programmable/,date approximate or unverified; HQ unverified; amount as reported: $17.5M
Higgsfield,US Series A-B,San Francisco,AI video and image creation suite,Series B,400000000,17 Aug 2026,DST Global,"Alex Mashrabov, Yerzat Dulat",higgsfield.ai,yes: Product Designer (location not captured); also Motion Designer,https://jobs.ashbyhq.com/higgsfieldai/f7d841b9-cd29-46b1-99f4-e3b7ca78663b | https://jobs.ashbyhq.com/higgsfieldai/17c97ea5-ce04-4676-b18b-f69d04b4a35a,https://www.intelcapital.com/higgsfield-raises-400-million-series-b-financing-at-5-4-billion-valuation-with-annualized-revenue-reaching-700-million/,amount as reported: $400M at $5.4B
Wispr Flow,US Series A-B,San Francisco,AI voice-to-text dictation,Series B,280000000,17 Aug 2026,Menlo Ventures,Tanay Kothari,wisprflow.ai,"adjacent design role only (not product/UX): Design Engineer (x2) and Senior Designer, Brand & Growth Marketing",https://jobs.ashbyhq.com/wispr-flow/921f1bda-6472-463b-8eb4-b840f69a30a5 | https://jobs.ashbyhq.com/wispr-flow/d565cc8e-1ba0-4d6e-8009-5e6afd8b4787,https://fortune.com/2026/08/17/wispr-2-billion-valuation-dictations-only-the-beginning/,amount as reported: $280M at $2B
Smack Technologies,US Series A-B,"El Segundo, CA",Frontier LLMs and RL for military decision support,Series B,61000000,~17 Aug 2026,"Costanoa Ventures, First In","Andy Markoff, Clint Alanis, Dan Gould",smacktechnologies.com [U],not checked,,https://www.prnewswire.com/news-releases/smack-raises-61-million-series-b-to-bring-intelligent-autonomy-to-the-tactical-edge-302853326.html,website unverified/not found; date approximate or unverified; amount as reported: $61M
Velaura AI,US Series A-B,"Silicon Valley, CA",Ultra-low-power AI compute silicon,Series A,110000000,~18 Aug 2026,Seligman Ventures,"Rajiv Khemani, Manu Gulati, Barun Kar, Sanjay Gupta, YJ Kim",velaura.ai,"no design roles: Lever, 36 jobs; chip design only",,https://qz.com/velaura-ai-series-a-funding-round-ai-chips-power-efficiency-081826,date approximate or unverified; amount as reported: $110M at $1B; Restructured Auradine
Generalist AI,US Series A-B,"San Mateo, CA (Crunchbase: SF)",Robot foundation model,Series B extension,200000000,24-25 Aug 2026,8VC,"Pete Florence, Andy Zeng, Andrew Barry",generalistai.com,"no design roles: Ashby, 23 jobs, none design",,https://techcrunch.com/2026/08/25/robotics-startup-generalist-reaches-3b-valuation-sources-say/,amount as reported: ~$200M at $3B
Stability AI,US Series A-B,Los Angeles (per Crunchbase; historically London),"Generative image, music and video models",Series B,76000000,25 Aug 2026,"No single lead (UMG, Sony Music, WMG, EA, AMD Ventures)","Prem Akkaraju (CEO, not a founder)",stability.ai,"no design roles: Greenhouse, 6 jobs; only hardware-type Product Design Engineer - Audio",,https://techcrunch.com/2026/08/25/stability-ai-maker-of-image-generator-stable-diffusion-raises-76-million-in-fresh-funding/,amount as reported: $76M; HQ flagged
Emerald AI,US Series A-B,"Washington, DC",Software making AI data centres power-flexible,Series A,150000000,~26-27 Aug 2026,"DCVC, Energize Capital",Varun Sivaram,emeraldai.co,"no design roles: Ashby, 11 jobs, none design",,https://dealroom.co/news/146819-emerald-ai-raises-150m-series-a-at-1-05b-to-tame-data-center-power-deman/,date approximate or unverified; amount as reported: $150M at $1.05B
Instinct,US Series A-B,San Francisco,Consumer AI assistant acting across apps,Series B,250000000,26 Aug 2026,"Index Ventures, Benchmark",Noah Shinn,instinct.co,not checked,,https://techcrunch.com/2026/08/26/viral-ai-startup-instinct-has-raised-350-million-at-a-2-5-billion-valuation/,amount as reported: $250M at $2.5B
Gimlet Labs,US Series A-B,San Francisco,Multi-silicon neocloud for AI inference,Series B,300000000,~1-4 Sep 2026,Andreessen Horowitz,"Zain Asgar, Michelle Nguyen, Omid Azizi, Natalie Serrino, James Bartlett",gimletlabs.ai,"no design roles: Ashby, 14 jobs, none design",,https://gimletlabs.ai/blog/announcing-series-b,date approximate or unverified; amount as reported: $300M at $3B
HiddenLayer,US Series A-B,"Austin, TX",Security platform for AI models and agents,Series B,100000000,2 Sep 2026,Delta-v Capital,Chris Sestito [U],hiddenlayer.com,"no design roles: Greenhouse, 14 jobs, none design",,https://techcrunch.com/2026/09/02/hiddenlayer-nabs-100m-as-enterprises-rush-to-secure-their-ai-deployments/,founders unverified; amount as reported: $100M
Lightfield,US Series A-B,San Francisco,AI-native CRM (pivot from Tome),Series A,47000000,~8-9 Sep 2026,Andreessen Horowitz,"Keith Peiris, Henri Liriani",lightfield.app,"no design roles: Ashby, 21 jobs, none design",,https://www.unite.ai/lightfield-raises-47m-series-a-led-by-a16z-to-accelerate-growth/,date approximate or unverified; amount as reported: $47M
Euno,US Series A-B,San Francisco (Israeli founders),Enterprise context layer for AI agents,Series A,23000000,9 Sep 2026,N47,"Sarah Levy, Eyal Firstenberg",euno.ai,not checked: /careers returned 404,,https://www.prnewswire.com/news-releases/euno-raises-23-million-series-a-to-build-the-ai-context-brain-for-the-enterprise-302872947.html,amount as reported: $23M; Dedup: also in Israel list (Calcalist)
Arcee AI,US Series A-B,San Francisco,Efficient open-weight foundation models,Series B,150000000,16 Sep 2026,"Vista Equity Partners, Cambium Capital, Emergence Capital",Mark McQuade,arcee.ai [U],"no design roles: Greenhouse board, 0 postings",,https://fortune.com/2026/09/16/arcee-ai-trained-four-models-for-20-million-now-its-worth-1-billion/,website unverified/not found; amount as reported: $150M+ at $1B pre
MIND,US Series A-B,Seattle (R&D Tel Aviv),AI-native data loss prevention,Series B,72000000,~16-17 Sep 2026,Crosspoint Capital Partners,"Eran Barak, Itai Schwarz, Hod Bin Noon",mind.io,"no design roles: Comeet list, no design",,https://www.bankinfosecurity.com/mind-raises-72m-to-rebuild-dlp-around-ai-agents-a-32860,date approximate or unverified; amount as reported: $72M
Adaptive,US Series A-B,New York,Agentic accounting OS for construction firms,Series B,30000000,17 Sep 2026,Tidemark,"Matthew Calvano, Henry Bradlow, Francisco Enriquez",adaptive.build,"no design roles: Ashby, 11 jobs, none design",,https://www.alleywatch.com/2026/09/adaptive-agentic-accounting-construction-ai-project-accountant-platform-matt-calvano/,amount as reported: $30M
Kastle,US Series A-B,San Francisco,AI agents for bank consumer-lending operations,Series A,24000000,~16-17 Sep 2026,Insight Partners,"Rishi Choudhary, Nitish Poddar",kastle.ai,"no design roles: Ashby, 14 jobs, none design",,https://americanbazaaronline.com/2026/09/17/kastle-24-million-series-a-ai-banking-workforce-488358/,date approximate or unverified; amount as reported: $24M
Comp AI,US Series A-B,not stated,Agentic security and compliance automation,Series A,34000000,17 Sep 2026,Roo Capital,"Lewis Carhart, Claudio Fuentes, Mariano Fuentes",trycomp.ai,yes: Senior Product Designer (location not captured),https://ats.rippling.com/comp-ai/jobs/4d50ab31-cb50-462c-b0fc-a5b88239dc71,https://techcrunch.com/2026/09/17/comp-ai-sets-eyes-on-a-continiously-agentic-future-for-security-and-complaince/,amount as reported: $34M; HQ not stated in source
Go.AI,US Series A-B,Chicago,On-prem private AI infrastructure for regulated industries,Series A,85000000,22 Sep 2026,Updata Partners,"David Moscatelli, Lisa Gillespie",go.ai,not checked: /careers returned 404,,https://www.businesswire.com/news/home/20260922352774/en/Go.AI-Raises-$85-Million-Series-A-to-Accelerate-On-Prem-AI-Infrastructure-for-Regulated-Industries,amount as reported: $85M; Dedup: also seen in Canada/LatAm/MEA sweep (excluded there)
Firecrawl,US Series A-B,San Francisco,Web-data API for AI agents,Series B,75000000,~22 Sep 2026,Smash Capital,"Caleb Peffer, Nicolas Camara, Eric Ciarla [U]",firecrawl.dev,"no design roles: Ashby, 34 jobs; Head of Brand only",,https://en.wowtale.net/2026/09/23/235198/,founders unverified; date approximate or unverified; amount as reported: $75M
Baselayer,US Series A-B,New York,Business identity and know-your-agent infrastructure,Series A,35000000,22 Sep 2026,M13,"Jonathan Awad, Timothy Hyde",baselayer.com,"no design roles: Greenhouse, 13 jobs, none design",,https://news.crunchbase.com/ai/verifying-ai-agents-baselayer-35m-raise/,amount as reported: $35M
Sela,US Series A-B,San Francisco,Voice-AI agents for mortgage sales calls,Seed + Series A,21000000,~22 Sep 2026,Costanoa Ventures,"Nate Becker, Vahe Tshitoyan",not found,"no design roles: Ashby, 14 jobs, none design",,https://finance.yahoo.com/technology/ai/articles/sela-raises-21m-voice-ai-121150993.html,website unverified/not found; date approximate or unverified; amount as reported: $21M
Ema,US Series A-B,"Mountain View, CA (large Bengaluru team)","Teams of AI agents (""AI Employees"") for HR, IT and finance",Series B,77000000,23 Sep 2026,Creaegis,"Surojit Chatterjee, Souvik Sen",ema.ai,"yes: Product Designer, Bengaluru (hybrid)",https://jobs.ashbyhq.com/ema/36c17dbb-168d-4654-9a4e-0be64cacd02a,https://techcrunch.com/2026/09/23/ema-raises-77m-as-ai-starts-eating-into-enterprise-software-and-services/,amount as reported: $77M; Dedup: India note flagged HQ as unverified US; TechCrunch gives Mountain View
Trebellar,US Series A-B,Remote-US,AI platform and agents for corporate real estate,Series A,18000000,24 Sep 2026,Blossom Capital,"Diego Ferreiro Val, David Garcia Quintas",trebellar.com,"no design roles: Ashby, 5 jobs, none design",,https://trebellar.com/blog/trebellar-series-a/,amount as reported: $18M
Outmarket,US Series A-B,San Francisco,AI platform for commercial insurance brokerages,Series B,34500000,28 Sep 2026,SignalFire,Vishal Sankhla,outmarket.ai,"no design roles: Ashby, 19 jobs, none design",,https://techcrunch.com/2026/09/28/insuretech-outmarket-raises-34-5m-just-months-after-prior-round/,amount as reported: $34.5M at $335M
Atomic,US Series A-B,Boston,AI-native supply-chain planning and procurement,Series A,12500000,~29 Sep 2026,"Klass Capital, Madrona","Michael Rossiter, Neal Suidan (Jeff Goodrich also named)",not found,not checked: Ashby 'atomic' slug is unrelated,,https://www.citybiz.co/article/911390/atomic-raises-12-5m-series-a-to-expand-ai-powered-supply-chain-execution-platform/,website unverified/not found; date approximate or unverified; amount as reported: $12.5M
Flow Engineering,US Series A-B,San Francisco,Agentic platform for hardware engineering,Series B,50000000,30 Sep 2026,"Valor Equity Partners, Atreides",Pari Singh,flowengineering.com,"no design roles: Ashby, 26 jobs, none design",,https://techcrunch.com/2026/09/30/valor-atreides-and-sequoia-back-ai-startup-flow-engineering-at-750m-valuation,amount as reported: $50M at $750M
Viabot,US Series A-B,"Santa Clara, CA",Autonomous robots for outdoor property maintenance (borderline AI),Series A,24000000,~16 Sep 2026,Walden International,not found,viabot.com,not checked,,https://techstartups.com/2026/09/17/venture-capital-startup-funding-roundup-september-17-2026-3kvc-andreessen-horowitz-insight-partners-valor-equity-partners-more/,date approximate or unverified; amount as reported: $24M; Single roundup source only
Monogram,US seed,"San Mateo, CA (job board: San Carlos)",Voice-driven AI app that generates interactive UIs,Seed,40000000,~7 Jul 2026,"DST Global, Lux Capital","Eren Bali, Edouard Tabet, Murat Akbal (roles unverified)",monogram.ai,"yes: Designer + Design Engineer, San Carlos",https://jobs.ashbyhq.com/monogram/3fa03b4f-ec86-48f5-a247-2c4aa51418e6 | https://jobs.ashbyhq.com/monogram/a70a94b1-721e-49d1-bde5-938140f6faa6,https://runtimewire.com/article/eren-bali-monogram-40m-seed-visual-ai-interface,"date approximate or unverified; amount as reported: $40M; Role title is ""Designer"""
Savi,US seed,not found [U],Consumer app that blocks AI voice-clone and text scams,Seed,7000000,7 Jul 2026,Acrew Capital,"Patrick Coughlin, Ryan Coughlin",not found,not checked,,https://techcrunch.com/2026/07/07/savis-app-aims-to-protect-consumers-from-realistic-ai-scams-like-kidnappers-demanding-ransom/,website unverified/not found; HQ unverified; amount as reported: $7M; US HQ unverified
Octozi,US seed,New York [U],AI that automates clinical-trial data cleaning,Seed,3000000,7 Jul 2026,Surface Ventures,"Amit Patel, Cedric Odje, Matthew Purri",not found,not checked,,https://www.alleywatch.com/2026/07/the-alleywatch-startup-daily-funding-report-7-7-2026/,website unverified/not found; HQ unverified; amount as reported: $3M; NYC inferred from AlleyWatch scope
Overtone,US seed,New York [U],AI and voice-driven matchmaking service,Seed,18000000,14 Jul 2026,"No lead named (FirstMark, Pace Capital, Match Group)",Justin McLeod,not found,"no design roles: Ashby board, 0 jobs (slug match unconfirmed)",,https://techcrunch.com/2026/07/14/the-founder-of-hinge-raised-18m-to-build-a-new-ai-dating-service-overtone/,website unverified/not found; HQ unverified; amount as reported: $18M
Petra Labs,US seed,New York [U],Generative-engine optimisation tied to revenue,Seed,5200000,23 Jul 2026,Work-Bench,"Sami Akkawi, Rishi Penmetcha, Ramie Khoury",not found,"no design roles: Ashby, 5 roles, none design",,,website unverified/not found; HQ unverified; no source URL captured; amount as reported: $5.2M; Source: AlleyWatch daily report 23 Jul (exact URL not captured)
Enigma,US seed,San Francisco (founded in Tel Aviv),Foundation models that make robots easy to control,Seed,71000000,27 Jul 2026,"Index Ventures, Ribbit Capital","Jonathan Jacobi (CEO), Gal Niv (CTO)",not found,not checked,,https://techcrunch.com/2026/07/27/enigma-raises-70m-to-make-controlling-a-robot-as-easy-as-adjusting-the-volume/,website unverified/not found; amount as reported: $71M
Cashboard,US seed,New York [U],FP&A platform with a semantic layer for AI automation,Seed,5000000,27 Jul 2026,FINTOP,Julian Rowlands,not found,not checked,,https://www.alleywatch.com/2026/07/the-alleywatch-startup-daily-funding-report-7-27-2026-2/,website unverified/not found; HQ unverified; amount as reported: $5M
Harmony,US seed,New York (also Tel Aviv),AI-native enterprise service management in Slack/Teams,Seed,34000000,28 Jul 2026,Lightspeed Venture Partners,"Nitzan Shapira, Ran Ribenzaft",not found,"no design roles: Ashby, 13 jobs, none design",,https://www.alleywatch.com/2026/07/the-alleywatch-startup-daily-funding-report-7-28-2026/,website unverified/not found; amount as reported: $34M
Fish Audio,US seed,Palo Alto,AI voice and text-to-speech models,Seed,52000000,28 Jul 2026,"Coreline Ventures, Capital Today",Rissa Cao (CEO),fish.audio [U],not checked,,https://techcrunch.com/2026/07/28/fish-audio-raises-50m-seed-to-build-ai-voice-models-for-creators-and-enterprises/,website unverified/not found; amount as reported: $52M
Polar,US seed,not found [U],AI-first browser for knowledge workers,Seed,5700000,29 Jul 2026,Madrona,Kevin Jiang (CEO),not found,not checked: Ashby 'polar' is a different company,,https://techcrunch.com/2026/07/29/perplexity-employee-who-worked-on-comet-launches-an-ai-browser-aimed-at-knowledge-work/,website unverified/not found; HQ unverified; amount as reported: $5.7M
Ellis AI,US seed,New York [U],AI platform for private-credit managers,Seed,10000000,30 Jul 2026,No lead named,Ryan Williams,not found,not checked,,https://techcrunch.com/2026/07/31/repeat-founder-ryan-williams-raises-10m-seed-for-an-ai-startup-for-private-credit-managers/,website unverified/not found; HQ unverified; amount as reported: $10M
Walden Robotics,US seed,"Cambridge, MA [U]",Physical-AI semi-humanoid robots (TRI spinout),Seed,300000000,Jul 2026 [U],"Menlo Ventures, NVIDIA, Boeing, Toyota Ventures, Calibrate","Adrien Gaidon, Ben Burchfiel, Dave Johnson, Kerri Fetzer-Borelli, Rareș Ambruș, Russ Tedrake",not found,not checked,,https://www.alleywatch.com/2026/08/global-startup-funding-top-largest-july-2026-vc/,website unverified/not found; date approximate or unverified; HQ unverified; amount as reported: $300M; Exact date unverified
Freehand,US seed,San Francisco (Indian founders),AI agents that run accounts payable and supply-chain spend,Undisclosed (TNW: seed),75000000,~27-31 Jul 2026,"Battery Ventures, NewRoad Capital Partners","Nitin Jayakrishnan, Abhijeet Manohar",not found,"no design roles: Ashby, 9 jobs, none design",,https://thenextweb.com/news/freehand-75m-supply-chain-ai-agents,website unverified/not found; date approximate or unverified; amount as reported: $75M; Dedup: found by India sweep; placed by SF HQ
Intelligence (Design Arena),US seed,San Francisco,Human-preference evals of AI models' design taste,Seed,7900000,3 Aug 2026,Index Ventures,Grace Li (others unverified),intelligence.ai / designarena.ai,"no design roles: Ashby, 5 MTS/ML roles",,https://techcrunch.com/2026/08/03/designarena-creators-raise-7-9-million-to-bring-taste-to-ai-models/,amount as reported: $7.9M
June,US seed,New York [U] (Israeli founders),AI agents that automate enterprise software implementation,Pre-seed,20000000,3 Aug 2026,Time Ventures (Marc Benioff),"Efrat Rapoport, Ohad Hen, Barak Goldstein, Idan Tsitiat",not found,not checked,,https://techcrunch.com/2026/08/03/a-marc-benioff-backed-startup-thinks-ai-can-solve-the-ai-deployment-problem/,website unverified/not found; HQ unverified; amount as reported: $20M; Dedup: also in Israel list; NY HQ from secondary source
Claryx,US seed,New York (Canadian founders),Genomic intelligence that traces hospital outbreaks (borderline AI),Pre-seed,3500000,4-5 Aug 2026,Outlander VC,"Kurt Hackenberger, Dirk Hackenberger",not found,not checked,,https://betakit.com/claryx-raises-3-5-million-usd-to-detect-hospital-outbreaks-before-they-start/,website unverified/not found; amount as reported: $3.5M; Dedup: US seed and Canada notes; BetaKit 4 Aug vs AlleyWatch 5 Aug
Malachyte,US seed,New York,AI behaviour intelligence and personalisation for e-commerce,Seed,10000000,6 Aug 2026,"Bessemer, Gradient","Sidd Motwani, Ian Anderson, Shivaditya Sinha",not found,not checked,,https://techcrunch.com/2026/08/06/ex-spotify-employees-raise-10m-to-bring-the-ai-behind-its-recommendations-to-e-commerce/,website unverified/not found; amount as reported: $10M
Ditto,US seed,San Francisco,AI matchmaking for college students,Seed,9200000,6 Aug 2026 (one snippet: 28 Sep),"Gradient, Peak XV, Scribble (lead unverified)","Allen Wang, Eric Liu",not found,"no design roles: Ashby 'dittoai', no design",,https://techcrunch.com/2026/08/06/gen-z-dating-apps-like-ditto-ditch-swiping-in-favor-of-ai-matchmaking/,website unverified/not found; amount as reported: $9.2M; Date ambiguous
Discovered Materials,US seed,not found,AI-driven materials discovery for cooler chips (YC),Seed,9000000,10 Aug 2026,Lightspeed India Partners,not found,not found,not checked,,https://techcrunch.com/2026/08/10/discovered-materials-is-playing-ai-whack-a-mole-to-hunt-cooler-chips/,website unverified/not found; amount as reported: $9M; US HQ unverified
Keenable,US seed,San Francisco,Web-scale search index built for AI agents,Seed,26000000,~25 Aug 2026,Accel,"Andrey Styskin, Matthias Petri",not found,"no design roles: Ashby, no design",,https://techcrunch.com/2026/08/25/accel-backed-keenable-is-indexing-the-web-for-ai-agents/,website unverified/not found; date approximate or unverified; amount as reported: $26M
Arga Labs,US seed,not found,Testing and training environments for enterprise AI agents,Seed,10000000,26 Aug 2026,General Catalyst,Phillip Li (CEO),not found,not checked,,https://techcrunch.com/2026/08/26/arga-is-building-a-better-way-to-train-enterprise-ai-agents/,website unverified/not found; amount as reported: $10M
Empirik,US seed,not found,AI that predicts IT outages (Sequoia incubation),Seed,21000000,1 Sep 2026,Sequoia,Kartik Chandrayana (CEO),not found,not checked,,https://techcrunch.com/2026/09/01/sequoia-incubated-empirik-launches-with-21m-to-predict-outages-before-they-happen/,website unverified/not found; amount as reported: $21M
Fambot,US seed,not found,"""AI chief of staff"" for families",Pre-seed,3500000,1 Sep 2026,"NextView Ventures, Baukunst","David Reich, Greg Karlin, Jason Morrow",not found,not checked,,https://techcrunch.com/2026/09/01/fambot-introduces-an-ai-chief-of-staff-for-families/,website unverified/not found; amount as reported: $3.5M
Liquid Compute,US seed,New York [U],Regulated marketplace for trading AI compute (AI-infra-adjacent),Seed,15000000,15 Sep 2026,"FirstMark, Chemistry","Ronit Jain, Aarav Patel",not found,not checked,,,website unverified/not found; HQ unverified; no source URL captured; amount as reported: $15M; Source: AlleyWatch daily report 15 Sep (exact URL not captured)
BoomerangHR,US seed,New York [U],AI that automates offboarding and alumni networks,Seed,12700000,15 Sep 2026,"Kalos Ventures, Album Ventures","Jeff Wald, Kanish Raajkumar, Andrei Tulai, Mallory Meiser",not found,not checked,,,website unverified/not found; HQ unverified; no source URL captured; amount as reported: $12.7M; Source: AlleyWatch daily report 15 Sep (exact URL not captured)
Hang Ten Systems,US seed,Palo Alto,AI-driven enterprise software build and modernisation,Seed + extension,85000000,16 Sep 2026 (extension),Xora (Temasek) led extension,"Vishal Sikka, Sanjay Rajagopalan",not found,not checked,,https://techcrunch.com/2026/09/16/former-infosys-chiefs-ai-startup-adds-50m-to-seed-weeks-after-initial-raise/,website unverified/not found; amount as reported: $85M ($32M + $53M)
Polyphron,US seed,New York [U],Engineered human tissue as a verification layer for AI drug development,Seed,20000000,17 Sep 2026,Quiet Capital,"Matthew Osman, Fabio Boniolo, Vinh Q. Tran",not found,not checked,,,website unverified/not found; HQ unverified; no source URL captured; amount as reported: $20M; Source: AlleyWatch daily report 17 Sep (exact URL not captured)
Clarion Health,US seed,New York,Conversational AI agents for clinics (YC),Seed,10000000,21 Sep 2026,Accel,"Ryan Gallagher, Jeffrey Lamothe",not found,"yes: Founding Product Designer, NYC",https://jobs.ashbyhq.com/clarion/c2b3a050-8588-47e9-9610-c0913e4e718b,,website unverified/not found; no source URL captured; amount as reported: $10M; Funding source: AlleyWatch daily report 21 Sep (exact URL not captured)
Ande,US seed,New York,AI-native network for booking corporate entertainment,Seed + Series A,52000000,22 Sep 2026,"Lightspeed, Redpoint, Duration, Sierra, Bain Capital Ventures (lead not specified)","Lohit Sarma, Michael McDermott",not found,"yes: Product Designer, New York City",https://jobs.ashbyhq.com/ande/d84e0a20-02d4-4ea4-82b4-400eaeadbfc6,,website unverified/not found; no source URL captured; amount as reported: $52M; Funding source: AlleyWatch daily report 22 Sep (exact URL not captured)
Beagle Labs,US seed,New York [U],AI property-inspection data for insurance underwriters,Pre-seed,4100000,23 Sep 2026,Chingona Ventures,"Dwight Neptune, Josie Madingo, Keelan Gayle, Luis Guzman",not found,not checked,,,website unverified/not found; HQ unverified; no source URL captured; amount as reported: $4.1M; Source: AlleyWatch daily report 23 Sep (exact URL not captured)
Ando,US seed,San Francisco,Team messaging with AI agents as first-class participants,Pre-seed + seed,20000000,24 Sep 2026,"Accel (pre-seed); Index, Emergence (seed)",Sara Du (CEO),not found,"yes: Product Designer, SF (also Brand Designer)",https://jobs.ashbyhq.com/ando/7de86b5b-cda4-4c3f-9d32-8defb3a1a191,https://techcrunch.com/2026/09/24/ando-eyes-slack-as-it-builds-team-messaging-platform-for-humans-and-agents-to-work-together/,website unverified/not found; amount as reported: $20M
MAVI,US seed,not found,AI-powered talent marketplace for accountants,Seed,4000000,28 Sep 2026,Harlem Capital,"""Liu"" (co-CEO; full name unverified)",not found,not checked,,https://techcrunch.com/2026/09/28/mavi-bets-on-the-ai-boom-creating-demand-for-a-new-kind-of-accountant/,"website unverified/not found; amount as reported: $4M; Round closed in 2025, first announced in window"
Elio Mortgage,US seed,New York [U],AI-native mortgage lender,Pre-seed,5100000,29 Sep 2026,"Motive Partners, Social Leverage","Oren Michaely, Arad Lev Ari",not found,not checked,,,website unverified/not found; HQ unverified; no source URL captured; amount as reported: $5.1M; Source: AlleyWatch daily report 29 Sep (exact URL not captured)
Destro AI,US seed,New York [U],VLA-based OS coordinating warehouse robots and workers,Seed,8000000,29-30 Sep 2026,"Base10 Partners, Bonfire Ventures",Manthan Pawar,not found,not checked,,https://techcrunch.com/2026/09/30/destro-ais-secret-sauce-is-getting-robots-and-humans-on-the-same-page/,website unverified/not found; HQ unverified; amount as reported: $8M
Mistral AI,Europe / UK / Israel,"Paris, France",Open-weight LLMs and sovereign AI platform,Series D,3580000000,8 Sep 2026,"Samsung Electronics, EQT Scaleup Europe Fund, PSG Equity","Arthur Mensch (CEO); Guillaume Lample, Timothée Lacroix [U]",mistral.ai,"no design roles: Ashby, 210 jobs, no designer titles",,https://techcrunch.com/2026/09/08/mistral-raises-e3b-as-sovereign-ai-becomes-big-business/,founders unverified; amount as reported: €3B (~$3.58B) at €21B
Helsing,Europe / UK / Israel,"Munich, Germany",Defence AI software and autonomous systems,Series E,1800000000,~13 Jul 2026,"Dragoneer, Lightspeed","Torsten Reil, Niklas Köhler, Gundbert Scherf [U]",helsing.ai,"yes: Product Designer, Munich / Berlin / London / Paris",https://helsing.ai/jobs/4564710101?gh_jid=4564710101,https://tech.eu/2026/07/13/european-defence-ai-leader-helsing-secures-18b-series-e-at-18b-valuation/,founders unverified; date approximate or unverified; amount as reported: $1.8B at $18B; Date = Tech.eu article date
Quantum Systems,Europe / UK / Israel,Germany,AI-enabled autonomous drone platforms,Series D,1200000000,Jul 2026 [U],not stated,Florian Seibel and others [U],quantum-systems.com [U],not checked,,https://tech.eu/2026/08/10/july-2026s-top-10-european-tech-deals-you-need-to-know-about/,founders unverified; website unverified/not found; date approximate or unverified; amount as reported: $1.2B
Nscale,Europe / UK / Israel,UK,Full-stack AI infrastructure and data centres,Credit facility (debt),900000000,Jul 2026 [U],not stated,not found,nscale.com [U],not checked,,https://tech.eu/2026/08/10/july-2026s-top-10-european-tech-deals-you-need-to-know-about/,"website unverified/not found; date approximate or unverified; amount as reported: £670M (~$900M); Debt, not equity"
Wonderful,Europe / UK / Israel,Amsterdam (Vestbee) / Israel (Calcalist),AI agent operating system for enterprises,Series C,550000000,1-2 Sep 2026,Insight Partners,"Bar Winkler (CEO), Roey Lalazar (CTO)",wonderful.ai [U],"adjacent design role only (not product/UX): Conversation Experience Designer, Italy (remote)",https://jobs.ashbyhq.com/wonderful/6fb704a2-2123-4d22-9c9e-804d258f0d86,https://www.calcalistech.com/ctechnews/article/hjvc16uoge,website unverified/not found; amount as reported: $550M at $5B; Dedup: HQ disputed (Amsterdam vs Israel); Bloomberg Línea noted a Brazil lead
CuspAI,Europe / UK / Israel,"Cambridge, UK",AI platform for discovering new materials,Series B,450000000,Jul 2026,"Kleiner Perkins, NEA","Chad Edwards (CEO), Max Welling",cusp.ai [U],"no design roles: Ashby, 15 jobs, none design",,https://sifted.eu/articles/cuspai-lands-450m-round-to-accelerate-ai-materials-discovery,website unverified/not found; amount as reported: $450M at $2.6B
Lovable,Europe / UK / Israel,"Stockholm, Sweden",AI app builder from natural-language prompts,Series C,400000000,12 Aug 2026,Menlo Ventures; EQT Scaleup Europe Fund (co-lead),"Anton Osika (CEO), Fabian Hedin [U]",lovable.dev,"yes: Product Designer + Staff/Principal Product Designer, Stockholm",https://jobs.ashbyhq.com/lovable/cf78be5e-41ca-478a-b480-0d0839c24543 | https://jobs.ashbyhq.com/lovable/5635b88f-a361-4f5f-8209-ca343a003947,https://techcrunch.com/2026/08/12/lovable-confirms-new-13-3b-valuation-raises-another-400m/,"founders unverified; amount as reported: $400M at $13.3B; Also Brand Designer (London), Design Engineer, Content Designer"
OLIX,Europe / UK / Israel,"London, UK",Silicon and optical networking for AI inference,Series B,312000000,~3 Aug 2026,"Fundomo, Arm, Hudson River Trading (per Vestbee)",James Dacombe,olix.com [U],"no design roles: Ashby, 17 jobs; silicon design only",,https://tech.eu/2026/08/03/uk-chip-startup-olix-raises-ps312m-at-ps33bn-valuation/,website unverified/not found; date approximate or unverified; amount as reported: $312M at $3.3B
Skello,Europe / UK / Israel,France,Workforce management with AI scheduling (borderline AI),Not stated,234000000,Jul 2026 [U],not stated,not found,skello.io [U],not checked,,https://tech.eu/2026/08/10/july-2026s-top-10-european-tech-deals-you-need-to-know-about/,website unverified/not found; date approximate or unverified; amount as reported: €200M (~$234M); Borderline AI fit
Gravis Robotics,Europe / UK / Israel,"Zurich, Switzerland",Autonomous systems for heavy construction machinery,Series A,200000000,Aug 2026,SoftBank,not found,not found,not checked,,https://www.vestbee.com/insights/articles/european-funding-rounds-closed-in-august-2026,website unverified/not found; amount as reported: $200M
EUCLYD,Europe / UK / Israel,Netherlands,AI chips,Series A,234000000,~15-19 Sep 2026,not stated,not found,not found,not checked,,https://tech.eu/2026/09/21/european-tech-weekly-recap-over-eur17b-invested-across-70-deals,website unverified/not found; date approximate or unverified; amount as reported: €200M+ (~$234M)
Alice (formerly ActiveFence),Europe / UK / Israel,Israel,"Platform to test, defend and monitor AI models and agents",Not stated,140000000,25 Aug 2026,Apax Digital Funds,"Noam Schwartz (CEO), Alon Porat, Eyal Dykan, Iftach Orr",alice.io,not checked,,https://alice.io/blog/alice-raises-140m,amount as reported: $140M
Zenity,Europe / UK / Israel,Israel,Security and governance for autonomous AI agents,Series C,125000000,~3-4 Aug 2026,Norwest,"Ben Kliger (CEO), Michael Bargury (CTO)",zenity.io,not checked,,https://zenity.io/company-overview/newsroom/company-news/zenity-raises-125-million-to-secure-the-era-of-1-billion-ai-agents,date approximate or unverified; amount as reported: $125M
Onyx Security,Europe / UK / Israel,Israel,Guardian-agent platform that monitors and blocks AI-agent actions,Series B,113000000,30 Jul 2026,Bessemer Venture Partners,"Maxim Bar Kogan (CEO), Gil Elbaz",not found,not checked,,https://www.timesofisrael.com/israeli-cyber-startup-raises-113m-to-secure-and-control-autonomous-ai-agents/,website unverified/not found; amount as reported: $113M at $640M
Callosum,Europe / UK / Israel,"London, UK",Orchestration routing AI workloads across models and chips,Seed,100000000,Aug 2026,Atomico,"Danyal Akarca, Jascha Achterberg",not found,"no design roles: 12 jobs, none design",,https://techfundingnews.com/callosum-raises-100m-europe-largest-seed-round/,website unverified/not found; amount as reported: $100M
microagi,Europe / UK / Israel,"Munich, Germany","Embodied AI: robotics, real-world data and ML",Seed,55000000,Jul 2026,Northzone,not researched,not researched,"no design roles: 2 jobs, none design",,https://www.vestbee.com/insights/articles/top-european-funding-rounds-closed-in-july-2026,website unverified/not found; amount as reported: $55M
Valarian Technologies,Europe / UK / Israel,"London, UK",Sovereign infrastructure for governments to deploy AI,Series A,50000000,Jul 2026,NEA,not researched,not researched,"no design roles: Lever, 10 jobs, none design",,https://www.vestbee.com/insights/articles/top-european-funding-rounds-closed-in-july-2026,website unverified/not found; amount as reported: $50M
Adaptyv Biosystems,Europe / UK / Israel,"Lausanne, Switzerland",AI-powered automated labs for protein design,Series A,40000000,Aug 2026,"ACE Ventures, Y Combinator, Highland Europe",not researched,not researched,"no design roles: 31 jobs, none design",,https://www.vestbee.com/insights/articles/european-funding-rounds-closed-in-august-2026,website unverified/not found; amount as reported: $40M
Limetax,Europe / UK / Israel,"Berlin, Germany",AI platform automating tax and accounting advisory,Pre-seed + acquisition facility,42000000,Sep 2026,"Motive Partners, Activant, Heliad",not researched,not researched,"no design roles: 10 jobs, none design",,https://lucaberton.com/blog/european-funding-roundup-september-2026/,website unverified/not found; amount as reported: €36M (~$42M); Only €6M is equity
Implicity,Europe / UK / Israel,France,AI cardiac remote monitoring,Growth,41000000,~Sep 2026,"IRIS, Five Arrows",not researched,not researched,not checked,,https://tech.eu/2026/09/14/european-tech-weekly-recap-over-eur39b-invested-across-70-deals,website unverified/not found; date approximate or unverified; amount as reported: €35M (~$41M)
Mindgard,Europe / UK / Israel,"London, UK and Boston (Lancaster Univ. spinout)",Automated AI red-teaming and runtime AI security,Series A,30000000,12 Aug 2026,Album VC,"Peter Garraghan (founder, CSO); James Brear (CEO)",mindgard.ai,not checked,,https://www.businesswire.com/news/home/20260812503461/en/Mindgard-Raises-$30M-Series-A-by-Turning-Attacker-Behavioral-Intelligence-into-Effective-AI-Defense,amount as reported: $30M; Dedup: US A-B note gives Boston & London; placed in UK by university origin
Arlequin AI,Europe / UK / Israel,France,Topological neural network technology,Growth,33000000,~10 Sep 2026,not stated,not researched,not researched,not checked,,https://tech.eu/2026/09/14/european-tech-weekly-recap-over-eur39b-invested-across-70-deals,website unverified/not found; date approximate or unverified; amount as reported: €28M (~$33M)
Agon,Europe / UK / Israel,"London, UK",Synthetic battlefield for testing autonomous defence systems,Seed,23000000,Jul 2026,Lakestar,not researched,not researched,not checked,,https://www.vestbee.com/insights/articles/top-european-funding-rounds-closed-in-july-2026,website unverified/not found; amount as reported: $23M
ZML,Europe / UK / Israel,"Paris, France",Chip-agnostic AI inference platform,Seed,20000000,Jul 2026,Kima Ventures,not researched,not researched,not checked,,https://www.vestbee.com/insights/articles/top-european-funding-rounds-closed-in-july-2026,website unverified/not found; amount as reported: $20M
CloudNC,Europe / UK / Israel,UK,AI software for precision CNC manufacturing,Growth,20000000,~9 Sep 2026,not stated,not researched,not researched,not checked,,https://tech.eu/2026/09/14/european-tech-weekly-recap-over-eur39b-invested-across-70-deals,website unverified/not found; date approximate or unverified; amount as reported: $20M
Hackuity,Europe / UK / Israel,France,AI security vulnerability management,Series A,19000000,~16 Sep 2026,not stated,not researched,not researched,not checked,,https://tech.eu/2026/09/21/european-tech-weekly-recap-over-eur17b-invested-across-70-deals,website unverified/not found; date approximate or unverified; amount as reported: $19M
Integral,Europe / UK / Israel,Germany,AI-native accounting and tax services,Series A,21000000,~16 Sep 2026,not stated,not researched,not researched,not checked,,https://tech.eu/2026/09/21/european-tech-weekly-recap-over-eur17b-invested-across-70-deals,website unverified/not found; date approximate or unverified; amount as reported: €18M (~$21M)
Magentic,Europe / UK / Israel,"London, UK",AI agents automating industrial operations,Series A,18000000,~17 Sep 2026,not stated,not researched,not researched,"no design roles: 10 jobs, none design",,https://tech.eu/2026/09/21/european-tech-weekly-recap-over-eur17b-invested-across-70-deals,website unverified/not found; date approximate or unverified; amount as reported: $18M
Passionfroot,Europe / UK / Israel,"Berlin, Germany",AI-powered B2B creator-marketing marketplace,Series A,15000000,Jul 2026,Insight Partners,not researched,not researched,"no design roles: 13 jobs, none design",,https://www.vestbee.com/insights/articles/top-european-funding-rounds-closed-in-july-2026,website unverified/not found; amount as reported: $15M
Neuraspace,Europe / UK / Israel,"Coimbra, Portugal",AI space-traffic management,Growth,18000000,Aug 2026,"Lince Capital, Explorer Investments, Armilar",not researched,not researched,not checked,,https://www.vestbee.com/insights/articles/european-funding-rounds-closed-in-august-2026,website unverified/not found; amount as reported: €15.6M (~$18M)
Newcode.ai,Europe / UK / Israel,"Oslo, Norway",AI infrastructure platform for legal,Series A,13500000,Aug 2026,"OnDean Forward, Alliance VC, Antiportfolio",not researched,not researched,not checked,,https://www.vestbee.com/insights/articles/european-funding-rounds-closed-in-august-2026,website unverified/not found; amount as reported: $13.5M
Skalar,Europe / UK / Israel,"Munich, Germany",AI-first tax advisory,Seed,14000000,Jul 2026,Headline,not researched,not researched,"no design roles: 16 jobs, none design",,https://www.vestbee.com/insights/articles/top-european-funding-rounds-closed-in-july-2026,website unverified/not found; amount as reported: €12M (~$14M)
kausable,Europe / UK / Israel,Germany,AI that needs no retraining,Seed,14000000,Jul 2026 [U],"UVC Partners, Entourage, HTGF, Mätch VC (lead not stated)",not researched,not researched,not checked,,https://www.htgf.de/en/kausable-seed-round/,website unverified/not found; date approximate or unverified; amount as reported: €12M (~$14M); Date unverified
geoSurge,Europe / UK / Israel,"London, UK",Tech for how brands appear in generative AI,Seed,12000000,Jul 2026,AlbionVC,not researched,not researched,"no design roles: Ashby board, 0 jobs",,https://www.vestbee.com/insights/articles/top-european-funding-rounds-closed-in-july-2026,website unverified/not found; amount as reported: $12M
Hive,Europe / UK / Israel,"London, UK",AI for autonomous industrial machines,Seed,15000000,Jul 2026,SuperSeed,not researched,not researched,not checked,,https://www.vestbee.com/insights/articles/top-european-funding-rounds-closed-in-july-2026,website unverified/not found; amount as reported: £11.2M (~$15M)
Intropy AI,Europe / UK / Israel,"London, UK",AI spare-parts management,Seed,11000000,Jul 2026,Felix Capital,not researched,not researched,not checked,,https://www.vestbee.com/insights/articles/top-european-funding-rounds-closed-in-july-2026,website unverified/not found; amount as reported: $11M
Marker,Europe / UK / Israel,"London, UK",AI-native writing platform,Seed,13400000,Jul 2026,Index Ventures,not researched,not researched,not checked,,https://www.vestbee.com/insights/articles/top-european-funding-rounds-closed-in-july-2026,website unverified/not found; amount as reported: £10M (~$13.4M)
Ahead Health,Europe / UK / Israel,"Zurich, Switzerland",AI preventive-health platform,Growth,10000000,Jul 2026,RTP Global,not researched,not researched,not checked,,https://www.vestbee.com/insights/articles/top-european-funding-rounds-closed-in-july-2026,website unverified/not found; amount as reported: $10M
Actionable,Europe / UK / Israel,France,AI customer-behaviour prediction,Growth,10000000,~9 Sep 2026,not stated,not researched,not researched,not checked,,https://tech.eu/2026/09/14/european-tech-weekly-recap-over-eur39b-invested-across-70-deals,website unverified/not found; date approximate or unverified; amount as reported: $10M
Delos,Europe / UK / Israel,France,"""AI employees""",Not stated,11700000,~16 Sep 2026,not stated,not researched,not researched,not checked,,https://tech.eu/2026/09/21/european-tech-weekly-recap-over-eur17b-invested-across-70-deals,website unverified/not found; date approximate or unverified; amount as reported: €10M (~$11.7M)
Zero,Europe / UK / Israel,Finland,AI CRM challenger,Not stated,10000000,~15 Sep 2026,Lead unclear (Lovable/Langdock founders),not researched,not researched,not checked: Ashby 'zero' is a different company,,https://tech.eu/2026/09/21/european-tech-weekly-recap-over-eur17b-invested-across-70-deals,website unverified/not found; date approximate or unverified; amount as reported: $10M
Edgify,Europe / UK / Israel,"London, UK",Edge AI infrastructure,Series A,9000000,Aug 2026,"Octopus Ventures, Mangrove",not researched,not researched,not checked,,https://www.vestbee.com/insights/articles/european-funding-rounds-closed-in-august-2026,website unverified/not found; amount as reported: $9M
Medly AI,Europe / UK / Israel,"London, UK",AI exam-prep tutoring,Seed,8000000,Aug 2026,"Ada Ventures, Eka Ventures, Felix Capital",not researched,not researched,not checked,,https://www.vestbee.com/insights/articles/european-funding-rounds-closed-in-august-2026,website unverified/not found; amount as reported: $8M
Aria,Europe / UK / Israel,"Paris, France",AI embedded invoice financing,Series A,8200000,Jul 2026,Kima Ventures,not researched,not researched,not checked,,https://www.vestbee.com/insights/articles/top-european-funding-rounds-closed-in-july-2026,website unverified/not found; amount as reported: €7M (~$8.2M)
conmeet,Europe / UK / Israel,"Borken, Germany",AI operating system for trades and construction,Seed,7000000,Aug 2026,"May Ventures, Smedvig, Reimann",not researched,not researched,not checked,,https://www.vestbee.com/insights/articles/european-funding-rounds-closed-in-august-2026,website unverified/not found; amount as reported: €6M (~$7M)
Cato,Europe / UK / Israel,Italy,AI platform for public-sector sales,Growth,7000000,~7 Sep 2026,not stated,not researched,not researched,not checked,,https://tech.eu/2026/09/14/european-tech-weekly-recap-over-eur39b-invested-across-70-deals,website unverified/not found; date approximate or unverified; amount as reported: €6M (~$7M)
Nexcade,Europe / UK / Israel,"London, UK",AI agents for freight forwarding,Seed,6000000,Jul 2026,Project A,not researched,not researched,"no design roles: 2 jobs, none design",,https://www.vestbee.com/insights/articles/top-european-funding-rounds-closed-in-july-2026,website unverified/not found; amount as reported: $6M
Velatir,Europe / UK / Israel,"Odense, Denmark",Infrastructure for secure AI management,Seed,5900000,Aug 2026,"Norrsken Evolve, Spintop, EIFO",not researched,not researched,not checked,,https://www.vestbee.com/insights/articles/european-funding-rounds-closed-in-august-2026,website unverified/not found; amount as reported: €5M (~$5.9M)
Exclaim Robotics,Europe / UK / Israel,"Zurich, Switzerland",Autonomous robots for AI data-centre maintenance,Pre-seed,5000000,Aug 2026,"Playfair, Founderful",not researched,not researched,not checked,,https://www.vestbee.com/insights/articles/european-funding-rounds-closed-in-august-2026,website unverified/not found; amount as reported: $5M
imagi,Europe / UK / Israel,"Stockholm, Sweden",AI-literacy platform for K-12,Seed,4500000,Jul 2026,Morgan Stanley,not researched,not researched,not checked,,https://www.vestbee.com/insights/articles/top-european-funding-rounds-closed-in-july-2026,website unverified/not found; amount as reported: $4.5M
Prolo,Europe / UK / Israel,"London, UK",AI procurement for construction,Seed,5600000,Jul 2026,Triple Point,not researched,not researched,not checked,,https://www.vestbee.com/insights/articles/top-european-funding-rounds-closed-in-july-2026,website unverified/not found; amount as reported: £4.2M (~$5.6M)
Finto,Europe / UK / Israel,"Munich, Germany",AI agents for enterprise accounting,Seed,3400000,Jul 2026,Lightspeed,not researched,not researched,"no design roles: 7 jobs, none design",,https://www.vestbee.com/insights/articles/top-european-funding-rounds-closed-in-july-2026,website unverified/not found; amount as reported: $3.4M
Scape,Europe / UK / Israel,"Stockholm, Sweden",AI-native email platform,Seed,3200000,Jul 2026,General Catalyst,not researched,not researched,not checked,,https://www.vestbee.com/insights/articles/top-european-funding-rounds-closed-in-july-2026,website unverified/not found; amount as reported: $3.2M
Volve,Europe / UK / Israel,"Oslo, Norway",AI tendering software for construction,Seed,3000000,Aug 2026,"Antler, Norrsken Evolve, Startuplab",not researched,not researched,not checked,,https://www.vestbee.com/insights/articles/european-funding-rounds-closed-in-august-2026,website unverified/not found; amount as reported: $3M
Ossprey Security,Europe / UK / Israel,"London, UK",AI software-supply-chain security,Pre-seed,2700000,Jul 2026,Episode 1,not researched,not researched,not checked,,https://www.vestbee.com/insights/articles/top-european-funding-rounds-closed-in-july-2026,website unverified/not found; amount as reported: $2.7M
Itoflow,Europe / UK / Israel,"London, UK",AI agents for investment research,Pre-seed,2500000,Aug 2026,Balderton,not researched,not researched,not checked,,https://www.vestbee.com/insights/articles/european-funding-rounds-closed-in-august-2026,website unverified/not found; amount as reported: $2.5M
Visoid,Europe / UK / Israel,"Oslo, Norway",AI architectural visualisation,Seed,2500000,Aug 2026,"Antler, Startuplab, Skyfall",not researched,not researched,not checked,,https://www.vestbee.com/insights/articles/european-funding-rounds-closed-in-august-2026,website unverified/not found; amount as reported: $2.5M
Flyboard,Europe / UK / Israel,"Barcelona, Spain",AI voice agents for sales and operations,Pre-seed,2200000,Jul 2026,K Fund,not researched,not researched,not checked,,https://www.vestbee.com/insights/articles/top-european-funding-rounds-closed-in-july-2026,website unverified/not found; amount as reported: €1.9M (~$2.2M)
Oligo Security,Europe / UK / Israel,Israel,Runtime security against AI-driven attacks,Not stated,60000000,4 Aug 2026,not stated,not researched,not researched,not checked,,https://www.calcalistech.com/ctechnews/article/r1rboe4umg,website unverified/not found; amount as reported: $60M
Corma,Europe / UK / Israel,Israel,AI-powered defensive cybersecurity,Seed,60000000,10 Aug 2026,not stated,not researched,not researched,not checked,,https://www.calcalistech.com/ctechnews/article/r1rboe4umg,website unverified/not found; amount as reported: $60M
AIR Security,Europe / UK / Israel,Israel (US HQ unverified),Discovers AI agents and vets the skills and tools they use,Two seeds,50000000,1 Sep 2026,"Sequoia (1st), Greenoaks (2nd)","Yair Saban (CEO), Niv Hoffman (CTO)",not found,not checked: Greenhouse 'air' is a different company,,https://techcrunch.com/2026/09/01/air-raises-50m-to-help-companies-vet-the-skills-and-add-ons-ai-agents-use/,website unverified/not found; amount as reported: $50M ($10M + $40M); Dedup: in US seed note (US HQ unverified) and Israel list
QuantHealth,Europe / UK / Israel,Israel (TechStartups: New York),AI that simulates clinical-trial outcomes,Series B,45000000,4 Aug 2026,Qumra Capital,not found,not found,"no design roles: Greenhouse, 6 jobs, none design",,https://www.calcalistech.com/ctechnews/article/r1rboe4umg,website unverified/not found; amount as reported: $45M; Dedup: also in US A-B note with NY HQ
Remepy,Europe / UK / Israel,Israel,AI-driven Parkinson's treatment,Series A,36000000,12 Aug 2026,not stated,not researched,not researched,not checked,,https://www.calcalistech.com/ctechnews/article/r1rboe4umg,website unverified/not found; amount as reported: $36M
Encore AI (formerly Insait IO),Europe / UK / Israel,Israel [U],Mines customer calls and CRM data to train AI voice agents,Series A,30000000,29 Jul 2026,Team8 (Calcalist also names Plaven),Dvir Ginzburg (CEO),gainencore.ai,not checked: Comeet widget not parseable,,https://techcrunch.com/2026/07/29/encore-ai-raises-30m-to-build-ai-agents-that-learn-from-customer-calls/,HQ unverified; amount as reported: $30M; Dedup: US A-B note (HQ not stated) and Israel list (Aug per snippet)
Velocity,Europe / UK / Israel,Israel,Revenue and distribution infrastructure for AI apps,Seed,27000000,~9 Jul 2026 [U],not stated,not researched,not researched,not checked,,https://www.ynetnews.com/business/article/by11c2oomml,website unverified/not found; date approximate or unverified; amount as reported: $27M; Date ambiguous (07/09/2026)
Chamelio,Europe / UK / Israel,"Tel Aviv, Israel",AI that executes routine legal workflows,Series A,26000000,Aug-Sep 2026 [U],Entrée Capital (backer),not researched,not researched,"no design roles: 10 jobs, none design",,https://techstartups.com/2026/09/22/venture-capital-startup-funding-roundup-september-22-2026-general-catalyst-goldman-sachs-greylock-m13-y-combinator-more/,website unverified/not found; date approximate or unverified; amount as reported: $26M; Date from snippet (Aug) vs TechStartups 22 Sep
Cymphony,Europe / UK / Israel,Israel,"Identity, permission and behaviour-graph security (borderline AI)",Series A,25000000,Aug 2026 [U],not stated,not researched,not researched,not checked,,https://www.calcalistech.com/ctechnews/article/r1rboe4umg,website unverified/not found; date approximate or unverified; amount as reported: $25M; Borderline AI fit; snippet only
Attestable,Europe / UK / Israel,Israel,Zero-knowledge AI verification,Not stated,20000000,11 Aug 2026,not stated,not researched,not researched,not checked,,https://www.calcalistech.com/ctechnews/article/r1rboe4umg,website unverified/not found; amount as reported: $20M
DataAgent,Europe / UK / Israel,Israel,Self-healing infrastructure,Pre-seed,10000000,1-2 Sep 2026,not stated,not researched,not researched,not checked,,https://www.calcalistech.com/ctechnews/article/hjvc16uoge,website unverified/not found; amount as reported: $10M
Arrakis Security,Europe / UK / Israel,Israel,AI-agent access monitoring,Seed,8000000,2 Aug 2026,not stated,not researched,not researched,not checked,,https://www.calcalistech.com/ctechnews/article/r1rboe4umg,website unverified/not found; amount as reported: $8M
Xpander,Europe / UK / Israel,Israel,AI deployment infrastructure,Seed,7500000,17 Aug 2026,not stated,not researched,not researched,not checked,,https://www.calcalistech.com/ctechnews/article/r1rboe4umg,website unverified/not found; amount as reported: $7.5M
IAIG,Europe / UK / Israel,Israel,AI-native software development,Not stated,6000000,6 Aug 2026,not stated,not researched,not researched,not checked,,https://www.calcalistech.com/ctechnews/article/r1rboe4umg,website unverified/not found; amount as reported: $6M
Catch,Europe / UK / Israel,Israel,AI agents for administrative work,Seed,5000000,1-2 Sep 2026,not stated,not researched,not researched,not checked,,https://www.calcalistech.com/ctechnews/article/hjvc16uoge,website unverified/not found; amount as reported: $5M
Emergent,India / APAC,Bengaluru / San Francisco (disputed),AI agents that build production web and mobile apps without code,Series C,130000000,~11-17 Jul 2026,"Creaegis (co-leads MNI Ventures-Claypond Capital, Sentinel Global)","Mukund Jha (CEO), Madhav Jha",emergent.sh,"yes: Product Designer, Bangalore",https://job-boards.greenhouse.io/emergentlabsinc/jobs/4029048009,https://india.entrepreneur.com/business-news/emergent-raises-130-million-series-c-at-1-5-billion-valuation-achieves-unicorn-status,date approximate or unverified; amount as reported: $130M at $1.5B; Dedup: US C+ note excluded it as Indian; earlier research cited SF HQ per TechCrunch with most staff in Bengaluru
Sarvam,India / APAC,Bengaluru,Sovereign Indian-language foundation models and speech,Series B extension,74000000,~3-8 Aug 2026,NVIDIA (per Entrackr),"Vivek Raghavan, Pratyush Kumar [U]",sarvam.ai,"yes: Product Designer, Bengaluru (also Motion and Visual Designer)",https://jobs.ashbyhq.com/sarvam/79bb725b-83d4-400c-a207-e2b0a7ccec68,https://entrackr.com/report/weekly-funding-report-weekly-funding-report/funding-and-acquisitions-in-indian-startups-this-week-aug-03-aug-08-12241402,founders unverified; date approximate or unverified; amount as reported: $74M
Flam,India / APAC,"Bengaluru (also SF, Tokyo)",AI interactive and immersive content platform for brands,Series B,40000000,~14-19 Sep 2026,QED Investors,"Shourya Agarwal, Malhar Patil, Amit Gaiki",flamapp.ai,not checked: Careers search page did not render,,https://entrackr.com/news/ai-interactive-content-startup-flam-raises-40-mn-led-by-qed-investors-12534934,date approximate or unverified; amount as reported: $40M
Vorflux,India / APAC,HQ unverified (Inc42 counts as Indian),Autonomous agentic platform for the software development lifecycle,Seed,15000000,17 Jul 2026,"Y Combinator, Peak XV Partners",Prasanna Sankar,not found,not checked,,https://inc42.com/buzz/former-rippling-cofounder-prasanna-sankar-raises-15-mn-for-vorflux-after-0xppl-shutdown/,website unverified/not found; amount as reported: $15M
Graph AI,India / APAC,HQ unverified (India-linked),AI-native patient-safety and pharmacovigilance platform,Series A,13300000,~7-12 Sep 2026,Insight Partners,"Raghav Parvataraju (CEO), Vijay Ponukumati, Mohan Konyala, Ashutosh Bordekar",not found,not checked,,https://india.entrepreneur.com/business-news/graph-ai-raises-usd-13-3-mn-in-series-a,website unverified/not found; date approximate or unverified; amount as reported: $13.3M
Smallest.ai,India / APAC,Bengaluru (also US presence),Compact voice AI models for regulated enterprises,Series A,13000000,30-31 Jul 2026,Seligman Ventures,"Sudarshan Kamath, Akshat Mandloi",smallest.ai,"no design roles: Ashby, 1 job (QA)",,https://siliconangle.com/2026/07/30/smallest-ai-raises-13m-accelerate-development-asynchronous-voice-ai-architecture/,amount as reported: $13M; Dedup: US A-B note (HQ not stated) and India note (Bengaluru)
Reo.Dev,India / APAC,India [U],AI sales intelligence for developer-tool companies,Series A,11300000,~16 Jul 2026,Elevation Capital,"Achintya Gupta (CEO), Gaurav Jain, Piyush Agarwal",reo.dev [U],"no design roles: Ashby 'reo-dev', 3 jobs, none design (slug assumed)",,https://yourstory.com/2026/07/reodev-raises-113-million-series-a-elevation-capital,website unverified/not found; date approximate or unverified; HQ unverified; amount as reported: $11.3M
SwitchOn,India / APAC,Bengaluru,Edge machine-vision quality inspection for factories,Pre-Series B,8000000,~11-17 Jul 2026,IvyCap Ventures,"Aniruddha Banerjee, Avra Banerjee",not found,not checked,,https://inc42.com/buzz/physical-ai-startup-switchon-raises-8-mn-to-scale-manufacturing-inspection/,website unverified/not found; date approximate or unverified; amount as reported: $8M (~₹78 cr)
Pinegap,India / APAC,India [U],Agentic AI equity-research platform,Series A,8000000,~3-7 Aug 2026,Stellaris Venture Partners,"Ankit Varmani, Deepak Sharma",not found,not checked,,https://indianstartupnews.com/funding/ai-equity-research-startup-pinegap-raises-8-million-in-funding-led-by-stellaris-venture-partners-12241501,website unverified/not found; date approximate or unverified; HQ unverified; amount as reported: $8M
Aina,India / APAC,Bengaluru + San Francisco,AI-native consumer hardware interface,Seed,5500000,~11-17 Jul 2026,"Redstart Labs (Info Edge), 360 ONE Asset",Apoorv Shankar,not found,not checked,,https://www.finsmes.com/2026/07/aina-raises-5-5m-in-seed-funding.html,website unverified/not found; date approximate or unverified; amount as reported: $5.5M
Disha (formerly Curelink),India / APAC,India [U],24x7 AI health coach for chronic conditions,Series A,5000000,~21-26 Sep 2026,General Catalyst,"Aman Singla, Divyansh Jain",not found,not checked,,https://entrackr.com/exclusive/exclusive-disha-formerly-curelink-raises-series-a-led-by-general-catalyst-12551971,website unverified/not found; date approximate or unverified; HQ unverified; amount as reported: ₹43.88 cr (~$5.0M)
VerifAIX,India / APAC,HQ unverified (US-based founders; US/India/Israel teams),AI plus formal-methods verification for chip design,Seed,5000000,~16 Sep 2026,"Endiya Partners, Bluehill VC","Madhulima Tewari, Kenneth Roe, Avner Landver",not found,not checked,,https://www.newelectronics.co.uk/content/news/verifaix-secures-5m-seed-funding-to-advance-ai-verification-technology-for-chip-design,website unverified/not found; date approximate or unverified; amount as reported: $5M; HQ flag
Revspot,India / APAC,Bengaluru,AI sales platform for B2C brands,Series A,4800000,29 Jul 2026,"Inflexor Ventures, Info Edge Ventures","Darshan Subash, Chirag Wadhera, Varun Garg",not found,not checked,,https://yourstory.com/2026/07/ai-startup-revspot-raises-funding-series-a-round,website unverified/not found; amount as reported: $4.8M
Navana.ai,India / APAC,India [U],Sovereign full-stack voice AI for BFSI,Series A,4200000,~7-12 Sep 2026,Ronnie Screwvala,"Raoul Nanavati, Jai Nanavati",navana.ai [U],not checked,,https://inc42.com/buzz/navana-ai-raises-%E2%82%B940-cr-to-scale-voice-ai-platform/,website unverified/not found; date approximate or unverified; HQ unverified; amount as reported: ₹40 cr (~$4.2M)
Superleap,India / APAC,Bengaluru,AI-native CRM with agentic automation and voice bots,Pre-Series A,4200000,~3-7 Aug 2026,Peak XV's Surge,"Subham Kumar Boundia (CEO), Alok Maurya (CTO), Saurabh Maheshwari (CPO)",superleap.com,not checked,,https://superleap.com/press-release-pre-series-a-fundraise,date approximate or unverified; amount as reported: ₹36 cr (~$4.2M)
Sol (Sol Foundry Inc.),India / APAC,HQ unverified (US Inc.; ex-CRED founders),Proactive AI that finds and does work promised in email,Seed,4000000,23 Sep 2026,"General Catalyst, Nexus Venture Partners","Anish Karan, Prateek Srivastava, Ranjith Nair",not found,not checked: Ashby 'sol' is a different company,,https://www.businesswire.com/news/home/20260923586872/en/Sol-From-Sol-Foundry-Inc.-Emerges-From-Stealth-With-$4M-for-AI-That-Finds-and-Does-the-Work-You-Promised-in-Email,website unverified/not found; amount as reported: $4M; HQ flag
Kily,India / APAC,India [U],Application-layer B2C AI (detail not captured),Undisclosed,3200000,~3-7 Aug 2026,Sorin Investments,not found,not found,not checked,,https://inc42.com/buzz/from-river-mobility-to-blissclub-indian-startups-raised-274-mn-this-week/,website unverified/not found; date approximate or unverified; HQ unverified; amount as reported: $3.2M
Hulp,India / APAC,India [U],Application-layer B2C AI (detail not captured),Seed,2600000,~3-7 Aug 2026,"Sparrow Capital, BITKRAFT Ventures",not found,not found,not checked,,https://inc42.com/buzz/from-river-mobility-to-blissclub-indian-startups-raised-274-mn-this-week/,website unverified/not found; date approximate or unverified; HQ unverified; amount as reported: $2.6M
logcat.ai,India / APAC,India [U],AI that root-causes Android and embedded-Linux issues,Pre-seed,2500000,~11-17 Jul 2026,Founders' Co-op,"Varun Chitre, Tarun Vashisth",logcat.ai,not checked,,https://inc42.com/buzz/logcat-ai-bags-2-5-mn-to-build-ai-platform-for-android-linux-engineering/,date approximate or unverified; HQ unverified; amount as reported: $2.5M
DigitalPaani,India / APAC,India [U],AI + IoT platform to run water infrastructure,Series A,2300000,8 Sep 2026,Navam Capital,not found,not found,not checked,,https://indianstartupnews.com/funding/watertech-startup-digitalpaani-raises-rs-22-crore-in-funding-to-expand-operations-12507171,website unverified/not found; HQ unverified; amount as reported: ₹22 cr (~$2.3M)
Consint.AI,India / APAC,India [U],Application-layer B2B AI (detail not captured),Series A,2300000,~6 Aug 2026,BIG Global Investment JSC,not found,not found,not checked,,https://inc42.com/buzz/from-river-mobility-to-blissclub-indian-startups-raised-274-mn-this-week/,website unverified/not found; date approximate or unverified; HQ unverified; amount as reported: $2.3M
Profound (India),India / APAC,India [U],Application-layer B2C AI (not the US Profound),Seed,1500000,~3-7 Aug 2026,"Stellaris Venture Partners, 3one4 Capital",not found,not found,not checked,,https://inc42.com/buzz/from-river-mobility-to-blissclub-indian-startups-raised-274-mn-this-week/,website unverified/not found; date approximate or unverified; HQ unverified; amount as reported: $1.5M; Name collides with US Profound
PixVerse,India / APAC,"Beijing, China [U]",AI video generation moving into interactive worlds,Series C extension,439000000,13-14 Jul 2026,Alibaba,"Wang Changhu (CEO), Jaden Xie",pixverse.ai,not checked,,https://techcrunch.com/2026/07/13/video-generation-startup-pixverse-raises-439m-valuation-soars-past-2b/,HQ unverified; amount as reported: $439M (Series C total)
Heidi Health,India / APAC,"Melbourne, Australia",Clinical AI scribe and care partner for clinicians,Series C + growth,340000000,22 Sep 2026,Blackbird (equity); General Catalyst CVF (growth),"Thomas Kelly (CEO), Waleed Mussa, Yu Liu",heidihealth.com,"adjacent design role only (not product/UX): Brand Designer, Melbourne (careers page; direct link malformed)",https://www.heidihealth.com/careers,https://www.fiercehealthcare.com/ai-and-machine-learning/heidi-lands-340m-build-ai-care-partner-clinicians,amount as reported: $340M ($100M equity + $240M non-dilutive)
Acrab,India / APAC,Singapore,"Full-stack agentic-AI compute platform (silicon, edge models)",Series B,130000000,~6-8 Aug 2026,"Vertex Ventures SEA & India, Vertex Growth",Tian Qi,not found,not checked,,https://technode.global/2026/08/06/singapores-ai-company-acrab-raises-further-130m-series-b-to-scale-edge-ai-platform-after-350m-funding/,website unverified/not found; date approximate or unverified; amount as reported: $130M
PsiBot,India / APAC,China [U],Embodied AI for dexterous robot manipulation,Undisclosed,100000000,23 Jul / 28 Aug 2026,Chery Automobile-backed fund,"Wang Qibin, Chen Yuanpei, Chai Xiaojie",not found,not checked,,https://technode.com/2026/08/28/embodied-ai-startup-psibot-raises-over-100-million-with-industrial-investors-joining/,website unverified/not found; HQ unverified; amount as reported: >$100M at $1.48B; Bloomberg 23 Jul vs TechNode 28 Aug
Wrtn Technologies,India / APAC,"Seoul, South Korea",Consumer AI platform incl. entertainment app Crack,Series C,72000000,25-26 Aug 2026,"Not stated (new: Coreline Ventures, Eugene AM)",Lee Se-young (CEO),not found,not checked,,https://www.koreatimes.co.kr/business/tech-science/20260826/wrtn-raises-72-mil-in-series-c-funding-round,website unverified/not found; amount as reported: ~$72M (~₩100B)
Math Magic,India / APAC,"Beijing, China",AI 3D creation platform and creator community,Series A+,50000000,20 Aug 2026,"BAI Capital, HyT Capital",not found,not found,not checked,,https://technode.global/prnasia/math-magic-closes-series-a-raising-nearly-50-million-across-two-rounds-in-six-months/,website unverified/not found; amount as reported: ~$50M (A + A+); A+ not split out
RevComm,India / APAC,"Tokyo, Japan",Voice-analysis AI (MiiTel) for business calls,Series B (first close),20600000,22 Jul 2026,SMBC Edge,Takeshi Aida,revcomm.com,not checked,,https://www.revcomm.com/en/news/pressrelease/20260722/,amount as reported: ¥3.35B (~$20.6M); Equity + debt
Qingxing Heterogeneous Computing,India / APAC,"Shanghai, China",Quantum-inspired AI models running on GPUs,Series A+,14900000,25 Sep 2026,No single lead (Jinkai Capital and others),Yu Teng,not found,not checked,,https://thequantuminsider.com/2026/09/25/chinas-qingxing-raises-nearly-100-million-yuan-to-develop-quantum-inspired-ai/,website unverified/not found; amount as reported: ~¥100M RMB (~$14.9M)
Kuzen,India / APAC,"Tokyo, Japan","Generative-AI customer engagement across LINE, email, SMS",Series B,11000000,7 Jul 2026,J-Growth RJ Value Plus fund,Shogo Ota,not found,not checked,,https://www.thesaasnews.com/news/kuzen-co-ltd-raises-1-63-billion-series-b/,website unverified/not found; amount as reported: ¥1.63B (~$11M)
Amity Robotics,India / APAC,Thailand,Physical-AI concierge kiosks and robots,Seed (equity + debt),7000000,1 Jul 2026,East Ventures (equity); AlteriQ Global (debt),not found (Korawad Chearavanont is chairman),not found,not checked,,https://technode.global/2026/07/01/thailands-amity-robotics-raises-7m-to-expand-ai-concierge-robots-across-asia/,website unverified/not found; amount as reported: $7M
nocall.ai,India / APAC,"Tokyo, Japan",Generative-AI voice agents for business phone calls,Series A,5400000,~11 Sep 2026,"JAFCO, Archetype Ventures",Shogo Hayashi (CEO),not found,not checked,,https://www.thesaasnews.com/news/nocall-inc-raises-800m-series-a/,website unverified/not found; date approximate or unverified; amount as reported: ~¥800M (~$5.4M)
Medcast,India / APAC,"Bowral, NSW, Australia",Clinical-AI copilot for GPs (MedLuma),Undisclosed,3790000,~22-25 Sep 2026,Best Practice Software,"Stephen Barnett, Justin Lewis",medcast.com.au,not checked,,https://www.pulseit.news/australian-digital-health/best-practice-leads-5-4m-investment-in-clinical-ai/,date approximate or unverified; amount as reported: A$5.4M (~$3.79M)
TacnIQ.ai,India / APAC,Singapore (+ California),Tactile-AI foundation models for robots,Pre-seed,1500000,22 Sep 2026,In Group Holdings,Aashish Mehta (CEO),not found,not checked,,https://technode.global/2026/09/22/singapores-tacniq-ai-raises-1-5m-from-in-group-holdings-in-pre-seed-round/,website unverified/not found; amount as reported: $1.5M
OpenDebt,India / APAC,"Sydney, Australia",AI voice and digital agents for compliant debt recovery,Pre-seed,1300000,~22 Sep 2026,Blackbird Ventures,"Norman Yan (CEO), Jonas Tischer (CTO)",opendebt.ai,not checked,,https://www.startupdaily.net/topic/funding/ai-debt-recovery-fintech-opendebt-bags-2-million-in-pre-seed/,date approximate or unverified; amount as reported: A$2M (~$1.3M)
Paraito,Canada / LatAm / Middle East / Africa,"Montréal, Canada",Generative-AI title searches for Québec notaries,Pre-seed,1900000,6 Jul 2026,Inovia Capital,François Arbour (others not named),paraito.ca,no design roles: No careers page,,https://betakit.com/paraito-raises-2-65-million-to-automate-grunt-work-for-quebec-notaries/,amount as reported: CAD 2.65M (~$1.9M)
GroundedAI,Canada / LatAm / Middle East / Africa,"Vancouver, Canada",AI system of record for tunnel-construction field data,Seed,1450000,16 Jul 2026,StandUp Ventures,"Shelby Yee (CEO), Stuart Bourne (CTO)",groundedai.com,no design roles: Careers section shows none,,https://betakit.com/groundedai-secures-2-million-to-help-modernize-tunnel-building/,amount as reported: CAD 2M (~$1.45M)
ChatFeatured,Canada / LatAm / Middle East / Africa,"Toronto, Canada",AI search optimisation for brand visibility in chatbots,Pre-seed,2000000,22 Jul 2026,Storytime Capital,"Farris Nasr (CEO), Nithiiyan Skhanthan (CTO), Ryan Nahas",chatfeatured.com,"undetermined: ""2 open roles"", titles JS-rendered and unread",https://chatfeatured.com/careers,https://betakit.com/chatfeatured-secures-2-million-usd-to-optimize-your-companys-chatbot-reach/,amount as reported: $2M
TetraGen Robotics,Canada / LatAm / Middle East / Africa,"Winnipeg, Canada",AI machine-vision autonomous welding robots,Seed,1300000,10 Aug 2026,StepChange Capital,Matt Khoshdarregi,tetragen.ai,no design roles: No careers page,,https://betakit.com/autonomous-welding-startup-tetragen-robotics-raises-1-8-million/,amount as reported: CAD 1.8M (~$1.3M)
Fisent Technologies,Canada / LatAm / Middle East / Africa,"Toronto, Canada",Enterprise generative-AI automation with a trust layer,First priced round,4300000,11 Aug 2026,FINTOP,Adrian Murray (CEO),fisent.com,no design roles: No careers link,,https://betakit.com/fisent-technologies-raises-4-3-million-usd-to-help-enterprises-automate-ai-use/,amount as reported: $4.3M
Blueprint,Canada / LatAm / Middle East / Africa,"Toronto, Canada",Turns text prompts into buildable hardware designs,Pre-seed (inferred),1000000,19 Aug 2026,a16z speedrun (backer; lead unconfirmed),"David Feldt (CEO), Sajeel Purewal, Pranav Seelam",blueprint.io,no design roles: No careers page,,https://betakit.com/a16z-backed-blueprint-raises-1-4-million-to-bring-vibe-coding-to-hardware/,amount as reported: CAD 1.4M (~$1M)
Onix,Canada / LatAm / Middle East / Africa,"Montréal, Canada",Consumer app of AI models of wellness experts,Pre-seed (convertible note),5000000,9 Sep 2026,AlphaEdison,"David Bennahum, Nicholas Nadeau",onix.life,"yes: Lead Product Designer, Old Montréal (in person)",https://onix.life/careers/lead-product-designer/,https://betakit.com/onix-raises-5-million-usd-to-create-ai-library-of-health-and-wellness-experts/,amount as reported: $5M
Ultimarii,Canada / LatAm / Middle East / Africa,"Calgary, Canada",AI regulatory and permitting intelligence for infrastructure,Series A,9400000,11 Sep 2026,"BDC Industrial Innovation Venture Fund, Mistral Venture Partners",not named in source,ultimarii.com,no design roles: Only a regulatory analyst role,,https://betakit.com/regulatory-ai-company-ultimarii-raises-13-million-series-a-round/,amount as reported: CAD 13M+ (~$9.4M); Includes debt and IRAP
Orbits,Canada / LatAm / Middle East / Africa,Toronto and San Francisco,Agentic AI household assistant (Bit),Pre-seed,2000000,17 Sep 2026,"No lead named (a16z speedrun, N49P, Garage Capital)","Nomaan Ahmed (CEO), Erik Tillberg (CTO)",tryorbits.com,no design roles: No careers page,,https://betakit.com/orbits-secures-2-million-usd-to-manage-home-logistics-with-ai/,amount as reported: ~$2M
Altis Labs,Canada / LatAm / Middle East / Africa,"Toronto, Canada",AI that predicts survival from radiology scans for oncology trials,Series A,25000000,21 Sep 2026,"OrbiMed, Qiming Venture Partners USA",Felix Baldauf-Lenschen (CEO),altislabs.com,"no design roles: Ashby, 4 jobs, none design",,https://betakit.com/altis-labs-raises-25-million-usd-series-a-to-expand-ai-for-cancer-trials/,amount as reported: $25M
Thri5,Canada / LatAm / Middle East / Africa,"Toronto, Canada [U]",Agentic-AI execution layer for retail operations,Seed,5400000,21 Sep 2026,No lead named,"Jeremy Pee (CEO), Herman Paek (COO)",thri5.com,no design roles: No careers page,,https://betakit.com/thri5-raises-5-4-million-usd-to-expand-ai-platform-for-retail-businesses/,HQ unverified; amount as reported: $5.4M; HQ inferred
Axya,Canada / LatAm / Middle East / Africa,"Montréal, Canada",AI-powered procurement platform for manufacturers,Series A,12300000,24 Sep 2026,McRock Capital (equity),Félix Bélisle-Dockrill (CEO),axya.co,undetermined: Careers page shows no listings in HTML (possibly embedded widget),,https://betakit.com/axya-closes-17-million-series-a-to-modernize-manufacturing-procurement/,amount as reported: CAD 17M (~$12.3M); CAD 12M equity + CAD 5M debt
Decade,Canada / LatAm / Middle East / Africa,Brazil,Wealth advisory pairing a human advisor with an AI model,Seed,85000000,4 Aug 2026,"Greenoaks, Benchmark, Diffusion","Vitor Olivier, Felipe Meneses",decade.com,no design roles: Only careers@ email,,https://latamlist.com/decade-raises-85m-seed-round-to-launch-ai-powered-wealth-advisory-platform/,amount as reported: $85M
Einship,Canada / LatAm / Middle East / Africa,Brazil,AI-native trade intelligence for importers and exporters,Seed,1000000,4 Aug 2026,Parceiro Ventures,not named in source,einship.com,no design roles: No careers page,,https://latamlist.com/einship-raises-1m-seed-round-led-by-parceiro-ventures/,amount as reported: $1M
hiSofi,Canada / LatAm / Middle East / Africa,Uruguay,AI debt-collection platform,Unspecified,1000000,10 Aug 2026,SaaSholic,"Leonardo Paladino, Tatiana Pomar",hisofi.com,no design roles: No careers page,,https://latamlist.com/hisofi-raises-1m-to-build-regional-ai-hub/,amount as reported: $1M
Roma AI,Canada / LatAm / Middle East / Africa,"Montevideo, Uruguay / Santiago, Chile",Platform for enterprise conversational AI agents,Seed,1200000,28 Aug 2026,Invexor Venture Partners,"Richard Barbera, Javier Hernández, Benjamín De Oto",teamroma.ai,no design roles: No current vacancies,,https://latamlist.com/roma-ai-raises-1-2m-seed-round/,amount as reported: $1.2M
Sharpi,Canada / LatAm / Middle East / Africa,Brazil,WhatsApp conversational AI sales agent for distributors,Seed,4000000,28 Aug 2026,"NXTP, ONEVC",not named in source,sharpi.com.br,no design roles: No careers page,,https://latamlist.com/sharpi-raises-4m-seed-round/,amount as reported: $4M
Magnar,Canada / LatAm / Middle East / Africa,Chile,Legal AI agent for Latin American lawyers,Series A,8000000,8 Sep 2026,"6 Degrees Capital, Hi Ventures",Andrés Arellano (CEO),magnar.ai,no design roles: Teamtailor: Growth Engineer only,,https://latamlist.com/magnar-raises-8m-series-a/,amount as reported: $8M
Primero,Canada / LatAm / Middle East / Africa,"Mexico City, Mexico",Enterprise data layer and governed AI agents over ERP/CRM,Seed,12000000,14 Sep 2026,"Kaszek, General Catalyst",not named in source,primero.com,no design roles: Only a contact form,,https://latamlist.com/primero-raises-12m-seed-round-led-by-kaszek-and-general-catalyst/,amount as reported: $12M
Emilia AI,Canada / LatAm / Middle East / Africa,not stated (Colombian founders; Brazil market),Computer vision and POS analytics for restaurants,Pre-seed,1500000,15 Sep 2026,Prosus,"Andrés Cajiao, Sebastián Rojo",emiliavision.com,no design roles: No careers page,,https://latamlist.com/emilia-ai-raises-1-5m-pre-seed-round-led-by-prosus/,amount as reported: $1.5M
Nuvia,Canada / LatAm / Middle East / Africa,Brazil,Omnichannel AI sales and service agents,Unspecified,1800000,23 Sep 2026,"Amador Capital, Nascent","John Paz, Antero Silva, Arthur Sorelli",nuvia.ai,no design roles: No careers page,,https://latamlist.com/nuvia-raises-1-8m-to-expand-ai-sales-agents-across-latin-america/,amount as reported: $1.8M
Inner AI,Canada / LatAm / Middle East / Africa,"São Paulo, Brazil",AI-native workspace (Squad.com),Seed,5500000,Aug 2026 [U],not found,not found,innerai.com,no design roles: No listings in HTML,,https://www.bloomberglinea.com.br/startups/rodadas-da-semana-startups-brasileiras-captaram-us-377-milhoes-em-agosto/,date approximate or unverified; amount as reported: R$30M (~$5.5M)
Strattum,Canada / LatAm / Middle East / Africa,Brazil,Enterprise AI data-infrastructure layer,Pre-seed,3200000,covered 4 Aug 2026 (closed in June),"Maya Capital, ONEVC","Carlos Eduardo Monguilhott, Rafael Viana",strattum.ai,no design roles: No careers page,,https://latamlist.com/strattum-expands-internationally-after-raising-3-2m-pre-seed-round/,amount as reported: $3.2M; May fall outside window (closed June)
Fincart,Canada / LatAm / Middle East / Africa,"Cairo, Egypt",AI operating system for e-commerce merchants,Seed,2800000,28 Jul 2026,"Launch Africa, Antler MENAP","Mostafa Masry, Nihal Ali",fincart.io,no design roles: Eng and commercial roles only,,https://techcabal.com/2026/07/28/egyptian-startup-fincart-raises-2-8-million-to-expand-ai-commerce-platform/,amount as reported: $2.8M
Verascient,Canada / LatAm / Middle East / Africa,"Cape Town, South Africa",Temporal knowledge graph plus agents for AI-native companies,Pre-seed,1200000,25 Aug 2026,Not stated,"Keagan Stokoe, Emile Ferreira",verascient.com,no design roles: Engineering roles only,,https://disruptafrica.com/2026/08/25/sa-ai-startup-verascient-raises-1-2m-funding-to-help-companies-build-better-teams/,amount as reported: ZAR 19.5M (~$1.2M)
Flowt,Canada / LatAm / Middle East / Africa,"Nairobi, Kenya",AI financial intelligence for climate-smart SMEs,Pre-seed,,26 Aug 2026,"Delta40 Fund I, Impacc, Argidius Foundation",Elana Laichena,flowt.africa,no design roles: No careers page,,https://disruptafrica.com/2026/08/26/kenyan-ai-startup-flowt-raises-pre-seed-funding-round/,amount as reported: Undisclosed
Synapse Analytics,Canada / LatAm / Middle East / Africa,"Cairo, Egypt","Agentic AI decisioning for credit, fraud and AML",Series A,13000000,15 Sep 2026,Partech,"Ahmed Abaza, Galal Elbeshbishy",synapse-analytics.io,"no design roles: Recruitee, 9 roles, none design",,https://disruptafrica.com/2026/09/15/egyptian-ai-startup-synapse-analytics-raises-13m-series-a-funding-round/,amount as reported: $13M
Cue,Canada / LatAm / Middle East / Africa,South Africa,"AI customer-service agents across WhatsApp, web, email, voice",Growth,5000000,Jul 2026 [U],"Knife Capital, FAM Investments",not found,not verified,not checked,,https://african-startups.com/news/funding/meet-the-african-startups-that-raised-funding-in-july-2026/,website unverified/not found; date approximate or unverified; amount as reported: $5M
HyperDev,Canada / LatAm / Middle East / Africa,South Africa / Europe,AI coding platform that deploys AI-generated code as apps,Pre-seed,1000000,Jul 2026 [U],Loom Ventures,"Riaz Moola, Piotr Sobolewski, Anton Moulder",hyperdev.ai [U],not checked,,https://african-startups.com/news/funding/meet-the-african-startups-that-raised-funding-in-july-2026/,website unverified/not found; date approximate or unverified; amount as reported: $1M+ (R16M)
Kuadra,Canada / LatAm / Middle East / Africa,Egypt,AI construction management for tenders and procurement,Unspecified,,Jul 2026 [U],Edafa Venture Capital,Ahmed Salem,not verified,not checked,,https://www.wamda.com/2026/07/kuadra-raises-funding-expand-ai-powered-construction-management,website unverified/not found; date approximate or unverified; amount as reported: Undisclosed
RIME,Canada / LatAm / Middle East / Africa,"Riyadh, Saudi Arabia",Physical AI: edge/AIoT agents for site decisions,Seed,2000000,Aug 2026 [U],Seedra Ventures,"Mohammed Almarshidi, Arif Alotaibi",rime.sa,"no design roles: Backend, CS, technical writer only",,https://www.wamda.com/2026/08/saudi-startup-rime-raises-2-million-seed-round,date approximate or unverified; amount as reported: $2M+
HeyBreez,Canada / LatAm / Middle East / Africa,Delaware HQ; Amman and Dubai offices,Infrastructure for enterprise voice AI agents,Seed,2500000,~wk to 22 Aug 2026,Lunara Partners,Karim Malhas,heybreez.ai,no design roles: No careers page,,https://www.arabnews.com/node/2655509/amp,"date approximate or unverified; amount as reported: $2.5M; Region dispute: US-incorporated, MENA-born; kept in MEA"
AILA,Canada / LatAm / Middle East / Africa,Saudi Arabia,AI personalised learning and adaptive assessment,Pre-Series A,3000000,~wk to 22 Aug 2026,Rua Growth Fund,"Yousef Al-Sayed, Nouf Mugayel, Abdulaziz Bin Mugayel",not verified,not checked,,https://www.arabnews.com/node/2655509/amp,website unverified/not found; date approximate or unverified; amount as reported: $3M
Tax Star,Canada / LatAm / Middle East / Africa,UAE,AI corporate tax and compliance; e-invoicing,Seed,1750000,~wk to 22 Aug 2026,Angel investors (no lead),"Rayhan Aleem, Haris Tasawar",not verified,not checked,,https://www.arabnews.com/node/2655509/amp,website unverified/not found; date approximate or unverified; amount as reported: $1.75M
Keep Converting,Canada / LatAm / Middle East / Africa,UAE,AI that personalises e-commerce product pages,Pre-seed,2000000,~wk to 12 Sep 2026,"Nuwa Capital, COTU Ventures","Mohammad El-Mougi, Manuel Prinz",keepconverting.ai,no design roles: No careers page,,https://www.arabnews.com/startups/startup-wrap-mena-funding-and-expansion-activity-gathers-pace-3001259,date approximate or unverified; amount as reported: $2M
Gaia,Canada / LatAm / Middle East / Africa,Saudi Arabia,"On-prem enterprise AI search, assistant and agents",Pre-seed,1500000,~wk to 12 Sep 2026,Seedra Ventures,"Badr Al-Malluh, Mohammad Rababah",gaia.sa,no design roles: No careers page,,https://www.arabnews.com/startups/startup-wrap-mena-funding-and-expansion-activity-gathers-pace-3001259,date approximate or unverified; amount as reported: $1.5M
Dawraty,Canada / LatAm / Middle East / Africa,Kuwait,Bilingual AI-supported professional learning (borderline AI),Seed (open),2000000,~wk to 12 Sep 2026,Qatar Development Bank (backer),"Ryan Dougherty, Hamad Al-Thunayan",dawraty.com [U],not checked,,https://www.arabnews.com/startups/startup-wrap-mena-funding-and-expansion-activity-gathers-pace-3001259,website unverified/not found; date approximate or unverified; amount as reported: $2M at $10M; Round still open
Whiteshield,Canada / LatAm / Middle East / Africa,UAE,Sovereign AI and policy-intelligence platform for governments,Not stated,15000000,Jul 2026 [U],Ruya Partners,not found,whiteshield.ai,"adjacent design role only (not product/UX): Continuous ""AI & Product"" track incl. designers; no specific posting",https://www.whiteshield.ai/careers.html,https://entarabi.com/en/2026/08/startup-investments-reach-3-3-billion-in-july-2026-as-uae-leads-ai-funding-and-saudi-arabia-diversifies-deal-activity/,date approximate or unverified; amount as reported: $15M
AVELIN AI,Canada / LatAm / Middle East / Africa,UAE,Sovereign AI solutions,Pre-seed,3700000,Jul 2026 [U],not named,not found,not found,not checked,,https://entarabi.com/en/2026/08/startup-investments-reach-3-3-billion-in-july-2026-as-uae-leads-ai-funding-and-saudi-arabia-diversifies-deal-activity/,website unverified/not found; date approximate or unverified; amount as reported: $3.7M
DESAISIV,Canada / LatAm / Middle East / Africa,Saudi Arabia,AI-powered insurance solutions,Growth,8000000,Jul 2026 [U],not named,not found,not found,not checked,,https://entarabi.com/en/2026/08/startup-investments-reach-3-3-billion-in-july-2026-as-uae-leads-ai-funding-and-saudi-arabia-diversifies-deal-activity/,website unverified/not found; date approximate or unverified; amount as reported: $8M
MOZN,Canada / LatAm / Middle East / Africa,"Riyadh, Saudi Arabia",Enterprise financial-crime and risk AI,Strategic,,Jul-Aug 2026 [U],Humain,not found,not found,not checked,,https://www.arabnews.com/node/2653864/amp,website unverified/not found; date approximate or unverified; amount as reported: Undisclosed; Search snippet only; article not fetched
